交易编号,类型,日期和时间,信号,价格 USDT,大小（数量）,大小（价值）,净损益 USDT,回报 %,手续费 USDT,有利波动 USDT,有利波动 %,不利波动 USDT,不利波动 %,累计损益 USDT,累计损益 %,持续时间（K线）
1,空头出场,2026-09-14 01:18,Trail,76699.1,1.042012,79997.97047,76.59,0.10,0,126.92,0.16,-11.98,-0.01,76.59,0.08,5
1,空头进场,2026-09-14 01:13,S,76772.6,1.042012,79997.97047,76.59,0.10,0,126.92,0.16,-11.98,-0.01,76.59,0.08,5
2,多头出场,2026-09-14 01:42,Trail,76912.8,1.043136,80061.20957,169.3,0.21,0,217.49,0.27,-5.63,-0.01,245.89,0.25,4
2,多头进场,2026-09-14 01:38,L,76750.5,1.043136,80061.20957,169.3,0.21,0,217.49,0.27,-5.63,-0.01,245.89,0.25,4
3,空头出场,2026-09-14 01:47,Trail,76830.2,1.043368,80187.31728,25.15,0.03,0,83.26,0.10,-13.77,-0.02,271.03,0.27,3
3,空头进场,2026-09-14 01:44,S,76854.3,1.043368,80187.31728,25.15,0.03,0,83.26,0.10,-13.77,-0.02,271.03,0.27,3
4,空头出场,2026-09-14 02:31,Trail,77673.8,1.034608,80220.4005,-141.53,-0.18,0,0,0.00,-141.53,-0.18,129.5,0.13,1
4,空头进场,2026-09-14 02:30,S,77537,1.034608,80220.4005,-141.53,-0.18,0,0,0.00,-141.53,-0.18,129.5,0.13,1
5,空头出场,2026-09-14 03:36,Trail,77695.4,1.029858,80104.20898,88.98,0.11,0,140.78,0.18,-84.96,-0.11,218.48,0.22,24
5,空头进场,2026-09-14 03:12,S,77781.8,1.029858,80104.20898,88.98,0.11,0,140.78,0.18,-84.96,-0.11,218.48,0.22,24
6,多头出场,2026-09-14 04:01,Trail,77580.6,1.034145,80174.88332,54.71,0.07,0,86.66,0.11,-3.62,0.00,273.19,0.27,8
6,多头进场,2026-09-14 03:53,L,77527.7,1.034145,80174.88332,54.71,0.07,0,86.66,0.11,-3.62,0.00,273.19,0.27,8
7,多头出场,2026-09-14 05:25,Trail,77523,1.034138,80218.49832,-49.02,-0.06,0,0.1,0.00,-49.02,-0.06,224.17,0.22,4
7,多头进场,2026-09-14 05:21,L,77570.4,1.034138,80218.49832,-49.02,-0.06,0,0.1,0.00,-49.02,-0.06,224.17,0.22,4
8,空头出场,2026-09-14 07:17,Trail,77719.8,1.032646,80179.38561,-77.65,-0.10,0,38.31,0.05,-77.65,-0.10,146.51,0.15,9
8,空头进场,2026-09-14 07:08,S,77644.6,1.032646,80179.38561,-77.65,-0.10,0,38.31,0.05,-77.65,-0.10,146.51,0.15,9
9,空头出场,2026-09-14 07:31,Trail,77721.7,1.030764,80117.05959,4.33,0.01,0,35.36,0.04,-7.83,-0.01,150.84,0.15,4
9,空头进场,2026-09-14 07:27,S,77725.9,1.030764,80117.05959,4.33,0.01,0,35.36,0.04,-7.83,-0.01,150.84,0.15,4
10,空头出场,2026-09-14 08:05,Trail,77745,1.02979,80120.64839,59.62,0.07,0,96.18,0.12,-8.24,-0.01,210.47,0.21,2
10,空头进场,2026-09-14 08:03,S,77802.9,1.02979,80120.64839,59.62,0.07,0,96.18,0.12,-8.24,-0.01,210.47,0.21,2
11,空头出场,2026-09-14 09:51,Trail,78112.3,1.027719,80166.70674,-110.79,-0.14,0,0,0.00,-110.79,-0.14,99.68,0.10,1
11,空头进场,2026-09-14 09:50,S,78004.5,1.027719,80166.70674,-110.79,-0.14,0,0,0.00,-110.79,-0.14,99.68,0.10,1
12,多头出场,2026-09-14 10:54,Trail,77905.8,1.026639,80079.79261,-98.66,-0.12,0,23.3,0.03,-98.66,-0.12,1.02,0.00,30
12,多头进场,2026-09-14 10:24,L,78001.9,1.026639,80079.79261,-98.66,-0.12,0,23.3,0.03,-98.66,-0.12,1.02,0.00,30
13,多头出场,2026-09-14 11:00,Trail,77886.2,1.026289,80000.76698,-67.02,-0.08,0,7.29,0.01,-67.02,-0.08,-66,-0.07,3
13,多头进场,2026-09-14 10:57,L,77951.5,1.026289,80000.76698,-67.02,-0.08,0,7.29,0.01,-67.02,-0.08,-66,-0.07,3
14,空头出场,2026-09-14 12:29,Trail,77995.3,1.026041,79947.06264,-79.31,-0.10,0,0,0.00,-79.31,-0.10,-145.31,-0.15,2
14,空头进场,2026-09-14 12:27,S,77918,1.026041,79947.06264,-79.31,-0.10,0,0,0.00,-79.31,-0.10,-145.31,-0.15,2
15,空头出场,2026-09-14 12:55,Trail,77708.7,1.025357,79883.71823,204.56,0.26,0,267.21,0.33,0,0.00,59.25,0.06,9
15,空头进场,2026-09-14 12:46,S,77908.2,1.025357,79883.71823,204.56,0.26,0,267.21,0.33,0,0.00,59.25,0.06,9
16,多头出场,2026-09-14 13:19,Trail,77791,1.030394,80044.40622,110.97,0.14,0,176.3,0.22,-19.89,-0.02,170.22,0.17,8
16,多头进场,2026-09-14 13:11,L,77683.3,1.030394,80044.40622,110.97,0.14,0,176.3,0.22,-19.89,-0.02,170.22,0.17,8
17,空头出场,2026-09-14 13:55,Trail,78289.6,1.023607,80139.01092,1.23,0.00,0,111.88,0.14,-39.41,-0.05,171.45,0.17,2
17,空头进场,2026-09-14 13:53,S,78290.8,1.023607,80139.01092,1.23,0.00,0,111.88,0.14,-39.41,-0.05,171.45,0.17,2
18,空头出场,2026-09-14 14:17,Trail,78541.9,1.022823,80137.15923,-197.3,-0.25,0,52.47,0.07,-197.3,-0.25,-25.85,-0.03,10
18,空头进场,2026-09-14 14:07,S,78349,1.022823,80137.15923,-197.3,-0.25,0,52.47,0.07,-197.3,-0.25,-25.85,-0.03,10
19,空头出场,2026-09-14 14:41,Trail,78482.4,1.017087,79979.55162,156.12,0.20,0,260.78,0.33,-42.31,-0.05,130.27,0.13,7
19,空头进场,2026-09-14 14:34,S,78635.9,1.017087,79979.55162,156.12,0.20,0,260.78,0.33,-42.31,-0.05,130.27,0.13,7
20,空头出场,2026-09-14 14:50,Trail,78615.9,1.02119,80104.18598,-177.58,-0.22,0,0,0.00,-177.58,-0.22,-47.32,-0.05,2
20,空头进场,2026-09-14 14:48,S,78442,1.02119,80104.18598,-177.58,-0.22,0,0,0.00,-177.58,-0.22,-47.32,-0.05,2
21,空头出场,2026-09-14 15:02,Trail,78441.7,1.019177,79963.71016,17.73,0.02,0,108.13,0.14,-153.69,-0.19,-29.58,-0.03,9
21,空头进场,2026-09-14 14:53,S,78459.1,1.019177,79963.71016,17.73,0.02,0,108.13,0.14,-153.69,-0.19,-29.58,-0.03,9
22,多头出场,2026-09-14 15:54,Trail,78608.7,1.018203,79978.31835,61.3,0.08,0,139.19,0.17,-30.14,-0.04,31.71,0.03,4
22,多头进场,2026-09-14 15:50,L,78548.5,1.018203,79978.31835,61.3,0.08,0,139.19,0.17,-30.14,-0.04,31.71,0.03,4
23,空头出场,2026-09-14 16:15,Trail,78469.8,1.01973,80025.24924,7.24,0.01,0,53.23,0.07,-0.92,0.00,38.95,0.04,2
23,空头进场,2026-09-14 16:13,S,78476.9,1.01973,80025.24924,7.24,0.01,0,53.23,0.07,-0.92,0.00,38.95,0.04,2
24,多头出场,2026-09-14 16:32,Trail,78693,1.017289,80029.92217,23.6,0.03,0,90.64,0.11,-3.97,0.00,62.56,0.06,2
24,多头进场,2026-09-14 16:30,L,78669.8,1.017289,80029.92217,23.6,0.03,0,90.64,0.11,-3.97,0.00,62.56,0.06,2
25,空头出场,2026-09-14 17:23,Trail,78910.7,1.015635,80050.1163,-94.35,-0.12,0,37.88,0.05,-94.35,-0.12,-31.8,-0.03,14
25,空头进场,2026-09-14 17:09,S,78817.8,1.015635,80050.1163,-94.35,-0.12,0,37.88,0.05,-94.35,-0.12,-31.8,-0.03,14
26,空头出场,2026-09-14 17:48,Trail,78923.6,1.014473,79974.45725,-91.4,-0.11,0,27.49,0.03,-91.4,-0.11,-123.2,-0.12,7
26,空头进场,2026-09-14 17:41,S,78833.5,1.014473,79974.45725,-91.4,-0.11,0,27.49,0.03,-91.4,-0.11,-123.2,-0.12,7
27,空头出场,2026-09-14 18:15,Trail,78892.9,1.011829,79897.45806,71.33,0.09,0,116.66,0.15,-43.61,-0.05,-51.87,-0.05,8
27,空头进场,2026-09-14 18:07,S,78963.4,1.011829,79897.45806,71.33,0.09,0,116.66,0.15,-43.61,-0.05,-51.87,-0.05,8
28,多头出场,2026-09-14 18:23,Trail,79156.1,1.011129,79956.84571,80.18,0.10,0,136.7,0.17,-0.1,0.00,28.32,0.03,2
28,多头进场,2026-09-14 18:21,L,79076.8,1.011129,79956.84571,80.18,0.10,0,136.7,0.17,-0.1,0.00,28.32,0.03,2
29,空头出场,2026-09-14 18:57,Trail,79239.5,1.009706,80022.22962,13.63,0.02,0,79.77,0.10,-3.94,0.00,41.95,0.04,6
29,空头进场,2026-09-14 18:51,S,79253,1.009706,80022.22962,13.63,0.02,0,79.77,0.10,-3.94,0.00,41.95,0.04,6
30,多头出场,2026-09-14 19:02,Trail,79124.2,1.009971,80028.38509,-115.24,-0.14,0,8.69,0.01,-115.24,-0.14,-73.29,-0.07,4
30,多头进场,2026-09-14 18:58,L,79238.3,1.009971,80028.38509,-115.24,-0.14,0,8.69,0.01,-115.24,-0.14,-73.29,-0.07,4
31,空头出场,2026-09-14 20:12,Trail,79108.7,1.01129,79941.36208,-60.48,-0.08,0,15.07,0.02,-60.48,-0.08,-133.77,-0.13,4
31,空头进场,2026-09-14 20:08,S,79048.9,1.01129,79941.36208,-60.48,-0.08,0,15.07,0.02,-60.48,-0.08,-133.77,-0.13,4
32,空头出场,2026-09-14 20:46,Trail,79368.1,1.005902,79892.96163,56.43,0.07,0,118.9,0.15,-25.95,-0.03,-77.34,-0.08,9
32,空头进场,2026-09-14 20:37,S,79424.2,1.005902,79892.96163,56.43,0.07,0,118.9,0.15,-25.95,-0.03,-77.34,-0.08,9
33,多头出场,2026-09-14 21:25,Trail,78934.7,1.012989,79938.10226,21.88,0.03,0,77.9,0.10,-9.22,-0.01,-55.45,-0.06,5
33,多头进场,2026-09-14 21:20,L,78913.1,1.012989,79938.10226,21.88,0.03,0,77.9,0.10,-9.22,-0.01,-55.45,-0.06,5
34,多头出场,2026-09-14 22:01,Trail,78726.9,1.014859,79954.44848,-57.75,-0.07,0,3.35,0.00,-57.75,-0.07,-113.2,-0.11,4
34,多头进场,2026-09-14 21:57,L,78783.8,1.014859,79954.44848,-57.75,-0.07,0,3.35,0.00,-57.75,-0.07,-113.2,-0.11,4
35,多头出场,2026-09-14 22:07,Trail,78743.9,1.014996,79909.31559,15.43,0.02,0,45.67,0.06,-12.18,-0.02,-97.77,-0.10,3
35,多头进场,2026-09-14 22:04,L,78728.7,1.014996,79909.31559,15.43,0.02,0,45.67,0.06,-12.18,-0.02,-97.77,-0.10,3
36,多头出场,2026-09-14 23:27,Trail,78377.8,1.018995,79924.15953,-57.57,-0.07,0,31.49,0.04,-57.57,-0.07,-155.35,-0.16,2
36,多头进场,2026-09-14 23:25,L,78434.3,1.018995,79924.15953,-57.57,-0.07,0,31.49,0.04,-57.57,-0.07,-155.35,-0.16,2
37,多头出场,2026-09-15 00:02,Trail,78217.1,1.021513,79875.57461,24.21,0.03,0,57.51,0.07,-22.88,-0.03,-131.14,-0.13,7
37,多头进场,2026-09-14 23:55,L,78193.4,1.021513,79875.57461,24.21,0.03,0,57.51,0.07,-22.88,-0.03,-131.14,-0.13,7
38,多头出场,2026-09-15 00:10,Trail,78230.3,1.021625,79895.1615,26.87,0.03,0,59.77,0.07,-0.1,0.00,-104.27,-0.10,1
38,多头进场,2026-09-15 00:09,L,78204,1.021625,79895.1615,26.87,0.03,0,59.77,0.07,-0.1,0.00,-104.27,-0.10,1
39,多头出场,2026-09-15 00:40,Trail,78004.2,1.023445,79916.52158,-83.51,-0.10,0,14.53,0.02,-115.65,-0.14,-187.78,-0.19,4
39,多头进场,2026-09-15 00:36,L,78085.8,1.023445,79916.52158,-83.51,-0.10,0,14.53,0.02,-115.65,-0.14,-187.78,-0.19,4
40,多头出场,2026-09-15 01:00,Trail,77929.5,1.023566,79847.97423,-81.99,-0.10,0,17.3,0.02,-81.99,-0.10,-269.77,-0.27,14
40,多头进场,2026-09-15 00:46,L,78009.6,1.023566,79847.97423,-81.99,-0.10,0,17.3,0.02,-81.99,-0.10,-269.77,-0.27,14
41,多头出场,2026-09-15 01:50,Trail,78046.8,1.022837,79784.04766,45.11,0.06,0,84.79,0.11,-4.91,-0.01,-224.66,-0.22,2
41,多头进场,2026-09-15 01:48,L,78002.7,1.022837,79784.04766,45.11,0.06,0,84.79,0.11,-4.91,-0.01,-224.66,-0.22,2
42,多头出场,2026-09-15 02:56,Trail,77891.4,1.025079,79820.33903,24.5,0.03,0,51.77,0.06,-11.58,-0.01,-200.16,-0.20,2
42,多头进场,2026-09-15 02:54,L,77867.5,1.025079,79820.33903,24.5,0.03,0,51.77,0.06,-11.58,-0.01,-200.16,-0.20,2
43,多头出场,2026-09-15 03:08,Trail,77828.6,1.026433,79839.75654,46.09,0.06,0,80.57,0.10,-13.96,-0.02,-154.07,-0.15,2
43,多头进场,2026-09-15 03:06,L,77783.7,1.026433,79839.75654,46.09,0.06,0,80.57,0.10,-13.96,-0.02,-154.07,-0.15,2
44,空头出场,2026-09-15 03:44,Trail,77801.4,1.026176,79876.7189,38.79,0.05,0,63.42,0.08,-29.04,-0.04,-115.28,-0.12,8
44,空头进场,2026-09-15 03:36,S,77839.2,1.026176,79876.7189,38.79,0.05,0,63.42,0.08,-29.04,-0.04,-115.28,-0.12,8
45,多头出场,2026-09-15 04:14,Trail,77657.9,1.029123,79907.79902,11.73,0.01,0,43.63,0.05,-0.1,0.00,-103.55,-0.10,1
45,多头进场,2026-09-15 04:13,L,77646.5,1.029123,79907.79902,11.73,0.01,0,43.63,0.05,-0.1,0.00,-103.55,-0.10,1
46,空头出场,2026-09-15 04:26,Trail,77596,1.02906,79917.10832,66.17,0.08,0,94.26,0.12,-44.87,-0.06,-37.38,-0.04,7
46,空头进场,2026-09-15 04:19,S,77660.3,1.02906,79917.10832,66.17,0.08,0,94.26,0.12,-44.87,-0.06,-37.38,-0.04,7
47,多头出场,2026-09-15 05:07,Trail,77633.4,1.030565,79970.1951,36.07,0.05,0,58.23,0.07,-38.85,-0.05,-1.31,0.00,12
47,多头进场,2026-09-15 04:55,L,77598.4,1.030565,79970.1951,36.07,0.05,0,58.23,0.07,-38.85,-0.05,-1.31,0.00,12
48,多头出场,2026-09-15 05:14,Trail,77398.6,1.032669,79998.80209,-71.67,-0.09,0,0,0.00,-71.67,-0.09,-72.98,-0.07,1
48,多头进场,2026-09-15 05:13,L,77468,1.032669,79998.80209,-71.67,-0.09,0,0,0.00,-71.67,-0.09,-72.98,-0.07,1
49,多头出场,2026-09-15 05:56,Trail,77566.5,1.031559,79939.01421,75.41,0.09,0,115.12,0.14,-48.69,-0.06,2.43,0.00,14
49,多头进场,2026-09-15 05:42,L,77493.4,1.031559,79939.01421,75.41,0.09,0,115.12,0.14,-48.69,-0.06,2.43,0.00,14
50,多头出场,2026-09-15 07:21,Trail,77267.3,1.03585,80002.01022,35.32,0.04,0,74.79,0.09,-44.75,-0.06,37.75,0.04,10
50,多头进场,2026-09-15 07:11,L,77233.2,1.03585,80002.01022,35.32,0.04,0,74.79,0.09,-44.75,-0.06,37.75,0.04,10
51,多头出场,2026-09-15 08:08,Trail,76781.4,1.041291,80030.29413,-78.51,-0.10,0,10.73,0.01,-78.51,-0.10,-40.77,-0.04,3
51,多头进场,2026-09-15 08:05,L,76856.8,1.041291,80030.29413,-78.51,-0.10,0,10.73,0.01,-78.51,-0.10,-40.77,-0.04,3
52,多头出场,2026-09-15 08:15,Trail,76810.9,1.041452,79967.37109,27.49,0.03,0,70.71,0.09,-11.46,-0.01,-13.27,-0.01,1
52,多头进场,2026-09-15 08:14,L,76784.5,1.041452,79967.37109,27.49,0.03,0,70.71,0.09,-11.46,-0.01,-13.27,-0.01,1
53,空头出场,2026-09-15 08:48,Trail,76920.3,1.040749,79989.26219,-65.46,-0.08,0,4.79,0.01,-65.46,-0.08,-78.73,-0.08,2
53,空头进场,2026-09-15 08:46,S,76857.4,1.040749,79989.26219,-65.46,-0.08,0,4.79,0.01,-65.46,-0.08,-78.73,-0.08,2
54,空头出场,2026-09-15 08:53,Trail,76911.1,1.039278,79937.3145,5.3,0.01,0,41.99,0.05,0,0.00,-73.43,-0.07,2
54,空头进场,2026-09-15 08:51,S,76916.2,1.039278,79937.3145,5.3,0.01,0,41.99,0.05,0,0.00,-73.43,-0.07,2
55,空头出场,2026-09-15 09:21,Trail,76923.8,1.03901,79941.2216,16.62,0.02,0,47.9,0.06,0,0.00,-56.81,-0.06,2
55,空头进场,2026-09-15 09:19,S,76939.8,1.03901,79941.2216,16.62,0.02,0,47.9,0.06,0,0.00,-56.81,-0.06,2
56,多头出场,2026-09-15 09:27,Trail,76868.8,1.039396,79958.86337,-61.74,-0.08,0,0,0.00,-61.74,-0.08,-118.55,-0.12,3
56,多头进场,2026-09-15 09:24,L,76928.2,1.039396,79958.86337,-61.74,-0.08,0,0,0.00,-61.74,-0.08,-118.55,-0.12,3
57,空头出场,2026-09-15 09:59,Trail,76990.2,1.03783,79905.02249,2.28,0.00,0,32.07,0.04,-0.1,0.00,-116.27,-0.12,1
57,空头进场,2026-09-15 09:58,S,76992.4,1.03783,79905.02249,2.28,0.00,0,32.07,0.04,-0.1,0.00,-116.27,-0.12,1
58,多头出场,2026-09-15 10:20,Trail,76951.9,1.037629,79906.97919,-59.46,-0.07,0,17.74,0.02,-59.46,-0.07,-175.72,-0.18,2
58,多头进场,2026-09-15 10:18,L,77009.2,1.037629,79906.97919,-59.46,-0.07,0,17.74,0.02,-59.46,-0.07,-175.72,-0.18,2
59,空头出场,2026-09-15 10:29,Trail,76921.4,1.038101,79859.44897,7.27,0.01,0,46.51,0.06,-21.38,-0.03,-168.46,-0.17,1
59,空头进场,2026-09-15 10:28,S,76928.4,1.038101,79859.44897,7.27,0.01,0,46.51,0.06,-21.38,-0.03,-168.46,-0.17,1
60,空头出场,2026-09-15 11:09,Trail,77175.3,1.035905,79866.61805,-79.66,-0.10,0,19.37,0.02,-79.66,-0.10,-248.12,-0.25,4
60,空头进场,2026-09-15 11:05,S,77098.4,1.035905,79866.61805,-79.66,-0.10,0,19.37,0.02,-79.66,-0.10,-248.12,-0.25,4
61,多头出场,2026-09-15 11:19,Trail,77068.9,1.035475,79801.36601,1.55,0.00,0,49.7,0.06,-14.39,-0.02,-246.56,-0.25,2
61,多头进场,2026-09-15 11:17,L,77067.4,1.035475,79801.36601,1.55,0.00,0,49.7,0.06,-14.39,-0.02,-246.56,-0.25,2
62,多头出场,2026-09-15 11:40,Trail,76885.6,1.037261,79802.7123,-52.28,-0.07,0,25.21,0.03,-52.28,-0.07,-298.84,-0.30,3
62,多头进场,2026-09-15 11:37,L,76936,1.037261,79802.7123,-52.28,-0.07,0,25.21,0.03,-52.28,-0.07,-298.84,-0.30,3
63,多头出场,2026-09-15 11:48,Trail,76851.9,1.036926,79760.86638,-71.13,-0.09,0,14.52,0.02,-71.13,-0.09,-369.98,-0.37,4
63,多头进场,2026-09-15 11:44,L,76920.5,1.036926,79760.86638,-71.13,-0.09,0,14.52,0.02,-71.13,-0.09,-369.98,-0.37,4
64,多头出场,2026-09-15 12:01,Trail,76929.2,1.036098,79703.91085,2.28,0.00,0,37.4,0.05,-44.45,-0.06,-367.7,-0.37,9
64,多头进场,2026-09-15 11:52,L,76927,1.036098,79703.91085,2.28,0.00,0,37.4,0.05,-44.45,-0.06,-367.7,-0.37,9
65,多头出场,2026-09-15 12:14,Trail,76933.2,1.036344,79705.94248,23.32,0.03,0,57.31,0.07,-57.31,-0.07,-344.38,-0.34,5
65,多头进场,2026-09-15 12:09,L,76910.7,1.036344,79705.94248,23.32,0.03,0,57.31,0.07,-57.31,-0.07,-344.38,-0.34,5
66,空头出场,2026-09-15 12:33,Trail,76888.4,1.036531,79723.74533,26.54,0.03,0,63.23,0.08,-71.73,-0.09,-317.84,-0.32,17
66,空头进场,2026-09-15 12:16,S,76914,1.036531,79723.74533,26.54,0.03,0,63.23,0.08,-71.73,-0.09,-317.84,-0.32,17
67,多头出场,2026-09-15 12:49,Trail,77002.2,1.036469,79743.02275,67.37,0.08,0,106.24,0.13,-10.99,-0.01,-250.47,-0.25,1
67,多头进场,2026-09-15 12:48,L,76937.2,1.036469,79743.02275,67.37,0.08,0,106.24,0.13,-10.99,-0.01,-250.47,-0.25,1
68,多头出场,2026-09-15 13:07,Trail,77063.8,1.036288,79799.66833,60.62,0.08,0,118.86,0.15,-47.88,-0.06,-189.85,-0.19,6
68,多头进场,2026-09-15 13:01,L,77005.3,1.036288,79799.66833,60.62,0.08,0,118.86,0.15,-47.88,-0.06,-189.85,-0.19,6
69,空头出场,2026-09-15 13:15,Trail,77001.4,1.036552,79847.98463,32.03,0.04,0,83.65,0.10,-19.8,-0.02,-157.82,-0.16,6
69,空头进场,2026-09-15 13:09,S,77032.3,1.036552,79847.98463,32.03,0.04,0,83.65,0.10,-19.8,-0.02,-157.82,-0.16,6
70,多头出场,2026-09-15 13:25,Trail,76911.7,1.037398,79876.43007,-88.39,-0.11,0,6.22,0.01,-88.39,-0.11,-246.21,-0.25,8
70,多头进场,2026-09-15 13:17,L,76996.9,1.037398,79876.43007,-88.39,-0.11,0,6.22,0.01,-88.39,-0.11,-246.21,-0.25,8
71,多头出场,2026-09-15 14:01,Trail,76586.9,1.046505,79803.01783,345.56,0.43,0,458.06,0.57,-92.82,-0.12,99.35,0.10,7
71,多头进场,2026-09-15 13:54,L,76256.7,1.046505,79803.01783,345.56,0.43,0,458.06,0.57,-92.82,-0.12,99.35,0.10,7
72,空头出场,2026-09-15 14:31,Trail,76300.2,1.048123,80076.28276,104.29,0.13,0,192.75,0.24,-69.8,-0.09,203.64,0.20,6
72,空头进场,2026-09-15 14:25,S,76399.7,1.048123,80076.28276,104.29,0.13,0,192.75,0.24,-69.8,-0.09,203.64,0.20,6
73,多头出场,2026-09-15 15:14,Trail,75990.6,1.05604,80173.50076,75.61,0.09,0,198.32,0.25,-142.67,-0.18,279.25,0.28,19
73,多头进场,2026-09-15 14:55,L,75919,1.05604,80173.50076,75.61,0.09,0,198.32,0.25,-142.67,-0.18,279.25,0.28,19
74,空头出场,2026-09-15 15:50,Trail,76584.9,1.049271,80223.27343,-135.04,-0.17,0,39.87,0.05,-135.04,-0.17,144.21,0.14,3
74,空头进场,2026-09-15 15:47,S,76456.2,1.049271,80223.27343,-135.04,-0.17,0,39.87,0.05,-135.04,-0.17,144.21,0.14,3
75,多头出场,2026-09-15 18:16,Trail,76786.8,1.041312,80115.31721,-156.3,-0.20,0,44.98,0.06,-156.3,-0.20,-12.09,-0.01,13
75,多头进场,2026-09-15 18:03,L,76936.9,1.041312,80115.31721,-156.3,-0.20,0,44.98,0.06,-156.3,-0.20,-12.09,-0.01,13
76,多头出场,2026-09-15 18:37,Trail,76393.4,1.042923,79990.94259,-318.51,-0.40,0,0,0.00,-318.51,-0.40,-330.6,-0.33,1
76,多头进场,2026-09-15 18:36,L,76698.8,1.042923,79990.94259,-318.51,-0.40,0,0,0.00,-318.51,-0.40,-330.6,-0.33,1
77,空头出场,2026-09-15 19:30,Trail,76034,1.046968,79735.51243,130.35,0.16,0,296.82,0.37,-106.16,-0.13,-200.25,-0.20,10
77,空头进场,2026-09-15 19:20,S,76158.5,1.046968,79735.51243,130.35,0.16,0,296.82,0.37,-106.16,-0.13,-200.25,-0.20,10
78,多头出场,2026-09-15 19:59,Trail,76102.9,1.051504,79839.85752,182.65,0.23,0,272.97,0.34,-23.76,-0.03,-17.61,-0.02,10
78,多头进场,2026-09-15 19:49,L,75929.2,1.051504,79839.85752,182.65,0.23,0,272.97,0.34,-23.76,-0.03,-17.61,-0.02,10
79,多头出场,2026-09-15 20:38,Trail,75785.7,1.056614,79985.78546,90.45,0.11,0,165.25,0.21,-58.43,-0.07,72.84,0.07,5
79,多头进场,2026-09-15 20:33,L,75700.1,1.056614,79985.78546,90.45,0.11,0,165.25,0.21,-58.43,-0.07,72.84,0.07,5
80,多头出场,2026-09-15 21:28,Trail,75678.7,1.056395,80057.31048,-110.71,-0.14,0,0,0.00,-110.71,-0.14,-37.87,-0.04,3
80,多头进场,2026-09-15 21:25,L,75783.5,1.056395,80057.31048,-110.71,-0.14,0,0,0.00,-110.71,-0.14,-37.87,-0.04,3
81,多头出场,2026-09-15 21:55,Trail,75492.8,1.057943,79969.80558,-102.73,-0.13,0,0.11,0.00,-102.73,-0.13,-140.6,-0.14,1
81,多头进场,2026-09-15 21:54,L,75589.9,1.057943,79969.80558,-102.73,-0.13,0,0.11,0.00,-102.73,-0.13,-140.6,-0.14,1
82,空头出场,2026-09-15 22:10,Trail,75392.5,1.05902,79890.24486,48.08,0.06,0,116.07,0.15,-61,-0.08,-92.52,-0.09,4
82,空头进场,2026-09-15 22:06,S,75437.9,1.05902,79890.24486,48.08,0.06,0,116.07,0.15,-61,-0.08,-92.52,-0.09,4
83,多头出场,2026-09-15 22:16,Trail,75274.1,1.060009,79925.84461,-134.62,-0.17,0,11.13,0.01,-134.62,-0.17,-227.14,-0.23,3
83,多头进场,2026-09-15 22:13,L,75401.1,1.060009,79925.84461,-134.62,-0.17,0,11.13,0.01,-134.62,-0.17,-227.14,-0.23,3
84,空头出场,2026-09-15 23:06,Trail,75781.6,1.054489,79818.38492,-92.48,-0.12,0,46.19,0.06,-92.48,-0.12,-319.62,-0.32,9
84,空头进场,2026-09-15 22:57,S,75693.9,1.054489,79818.38492,-92.48,-0.12,0,46.19,0.06,-92.48,-0.12,-319.62,-0.32,9
85,空头出场,2026-09-15 23:30,Trail,75647.2,1.051131,79747.10159,231.98,0.29,0,269.93,0.34,-6.62,-0.01,-87.63,-0.09,5
85,空头进场,2026-09-15 23:25,S,75867.9,1.051131,79747.10159,231.98,0.29,0,269.93,0.34,-6.62,-0.01,-87.63,-0.09,5
86,空头出场,2026-09-16 00:36,Trail,75839.1,1.053858,79929.86001,6.22,0.01,0,48.48,0.06,-15.07,-0.02,-81.42,-0.08,6
86,空头进场,2026-09-16 00:30,S,75845,1.053858,79929.86001,6.22,0.01,0,48.48,0.06,-15.07,-0.02,-81.42,-0.08,6
87,空头出场,2026-09-16 00:44,Trail,75807.4,1.053994,79934.69416,34.15,0.04,0,74.83,0.09,0,0.00,-47.27,-0.05,2
87,空头进场,2026-09-16 00:42,S,75839.8,1.053994,79934.69416,34.15,0.04,0,74.83,0.09,0,0.00,-47.27,-0.05,2
88,空头出场,2026-09-16 00:55,Trail,75768.5,1.054921,79962.27336,32.49,0.04,0,76.8,0.10,-28.69,-0.04,-14.77,-0.01,4
88,空头进场,2026-09-16 00:51,S,75799.3,1.054921,79962.27336,32.49,0.04,0,76.8,0.10,-28.69,-0.04,-14.77,-0.01,4
89,多头出场,2026-09-16 01:26,Trail,75920.9,1.055343,79988.2452,134.35,0.17,0,189.01,0.24,-91.29,-0.11,119.57,0.12,19
89,多头进场,2026-09-16 01:07,L,75793.6,1.055343,79988.2452,134.35,0.17,0,189.01,0.24,-91.29,-0.11,119.57,0.12,19
90,多头出场,2026-09-16 02:03,Trail,75623,1.060515,80100.27374,99.05,0.12,0,145.18,0.18,-52.92,-0.07,218.62,0.22,4
90,多头进场,2026-09-16 01:59,L,75529.6,1.060515,80100.27374,99.05,0.12,0,145.18,0.18,-52.92,-0.07,218.62,0.22,4
91,多头出场,2026-09-16 02:18,Trail,75786.7,1.059673,80174.85918,134.26,0.17,0,190.74,0.24,-11.13,-0.01,352.88,0.35,3
91,多头进场,2026-09-16 02:15,L,75660,1.059673,80174.85918,134.26,0.17,0,190.74,0.24,-11.13,-0.01,352.88,0.35,3
92,空头出场,2026-09-16 02:49,Trail,75979.5,1.055646,80282.40612,74.95,0.09,0,126.26,0.16,-31.14,-0.04,427.83,0.43,10
92,空头进场,2026-09-16 02:39,S,76050.5,1.055646,80282.40612,74.95,0.09,0,126.26,0.16,-31.14,-0.04,427.83,0.43,10
93,多头出场,2026-09-16 03:19,Trail,76018.1,1.058272,80342.21118,105.62,0.13,0,151.97,0.19,-14.5,-0.02,533.45,0.53,7
93,多头进场,2026-09-16 03:12,L,75918.3,1.058272,80342.21118,105.62,0.13,0,151.97,0.19,-14.5,-0.02,533.45,0.53,7
94,多头出场,2026-09-16 03:46,Trail,75796.5,1.061208,80435.32157,0.53,0.00,0,45.53,0.06,-0.64,0.00,533.98,0.53,1
94,多头进场,2026-09-16 03:45,L,75796,1.061208,80435.32157,0.53,0.00,0,45.53,0.06,-0.64,0.00,533.98,0.53,1
95,多头出场,2026-09-16 04:01,Trail,75820.5,1.06099,80427.17986,17.61,0.02,0,51.25,0.06,-38.41,-0.05,551.59,0.55,11
95,多头进场,2026-09-16 03:50,L,75803.9,1.06099,80427.17986,17.61,0.02,0,51.25,0.06,-38.41,-0.05,551.59,0.55,11
96,空头出场,2026-09-16 04:34,Trail,75881.4,1.058741,80437.63573,98.89,0.12,0,132.03,0.16,-16.09,-0.02,650.48,0.65,8
96,空头进场,2026-09-16 04:26,S,75974.8,1.058741,80437.63573,98.89,0.12,0,132.03,0.16,-16.09,-0.02,650.48,0.65,8
97,空头出场,2026-09-16 05:55,Trail,75914.7,1.06054,80520.33291,9.76,0.01,0,42,0.05,-56.74,-0.07,660.24,0.66,16
97,空头进场,2026-09-16 05:39,S,75923.9,1.06054,80520.33291,9.76,0.01,0,42,0.05,-56.74,-0.07,660.24,0.66,16
98,空头出场,2026-09-16 06:05,Trail,75988.2,1.05957,80528.16766,13.35,0.02,0,43.65,0.05,-22.46,-0.03,673.59,0.67,1
98,空头进场,2026-09-16 06:04,S,76000.8,1.05957,80528.16766,13.35,0.02,0,43.65,0.05,-22.46,-0.03,673.59,0.67,1
99,空头出场,2026-09-16 06:26,Trail,75917.2,1.06039,80538.74128,36.9,0.05,0,67.02,0.08,-0.11,0.00,710.49,0.71,3
99,空头进场,2026-09-16 06:23,S,75952,1.06039,80538.74128,36.9,0.05,0,67.02,0.08,-0.11,0.00,710.49,0.71,3
100,多头出场,2026-09-16 06:48,Trail,75987.6,1.061716,80568.31866,108.93,0.14,0,136.96,0.17,-7.75,-0.01,819.42,0.82,6
100,多头进场,2026-09-16 06:42,L,75885,1.061716,80568.31866,108.93,0.14,0,136.96,0.17,-7.75,-0.01,819.42,0.82,6
101,多头出场,2026-09-16 07:43,Trail,75884.3,1.063615,80655.52087,56.16,0.07,0,95.3,0.12,-15.95,-0.02,875.58,0.88,9
101,多头进场,2026-09-16 07:34,L,75831.5,1.063615,80655.52087,56.16,0.07,0,95.3,0.12,-15.95,-0.02,875.58,0.88,9
102,多头出场,2026-09-16 08:24,Trail,75447.2,1.067878,80691.74495,-123.34,-0.15,0,27.55,0.03,-123.34,-0.15,752.24,0.75,2
102,多头进场,2026-09-16 08:22,L,75562.7,1.067878,80691.74495,-123.34,-0.15,0,27.55,0.03,-123.34,-0.15,752.24,0.75,2
103,多头出场,2026-09-16 08:33,Trail,75469.2,1.06828,80601.726,20.51,0.03,0,85.25,0.11,-28.1,-0.03,772.75,0.77,4
103,多头进场,2026-09-16 08:29,L,75450,1.06828,80601.726,20.51,0.03,0,85.25,0.11,-28.1,-0.03,772.75,0.77,4
104,空头出场,2026-09-16 08:55,Trail,75631.1,1.066777,80618.15141,-63.37,-0.08,0,6.08,0.01,-63.37,-0.08,709.38,0.71,3
104,空头进场,2026-09-16 08:52,S,75571.7,1.066777,80618.15141,-63.37,-0.08,0,6.08,0.01,-63.37,-0.08,709.38,0.71,3
105,空头出场,2026-09-16 09:01,Trail,75772.2,1.064122,80567.54975,-63.32,-0.08,0,0,0.00,-63.32,-0.08,646.07,0.65,2
105,空头进场,2026-09-16 08:59,S,75712.7,1.064122,80567.54975,-63.32,-0.08,0,0,0.00,-63.32,-0.08,646.07,0.65,2
106,空头出场,2026-09-16 09:32,Trail,75862.9,1.061275,80515.6443,4.25,0.01,0,43.19,0.05,-0.11,0.00,650.31,0.65,4
106,空头进场,2026-09-16 09:28,S,75866.9,1.061275,80515.6443,4.25,0.01,0,43.19,0.05,-0.11,0.00,650.31,0.65,4
107,空头出场,2026-09-16 09:58,Trail,75986.4,1.0604,80520.20152,-55.78,-0.07,0,22.37,0.03,-55.78,-0.07,594.54,0.59,7
107,空头进场,2026-09-16 09:51,S,75933.8,1.0604,80520.20152,-55.78,-0.07,0,22.37,0.03,-55.78,-0.07,594.54,0.59,7
108,空头出场,2026-09-16 11:09,Trail,75933.3,1.059547,80475.56138,20.66,0.03,0,52.98,0.07,-47.36,-0.06,615.2,0.62,6
108,空头进场,2026-09-16 11:03,S,75952.8,1.059547,80475.56138,20.66,0.03,0,52.98,0.07,-47.36,-0.06,615.2,0.62,6
109,多头出场,2026-09-16 11:15,Trail,75892.9,1.059758,80492.01133,-63.9,-0.08,0,0.11,0.00,-63.9,-0.08,551.29,0.55,3
109,多头进场,2026-09-16 11:12,L,75953.2,1.059758,80492.01133,-63.9,-0.08,0,0.11,0.00,-63.9,-0.08,551.29,0.55,3
110,空头出场,2026-09-16 12:17,Trail,76139.4,1.055343,80440.98735,87.8,0.11,0,136.46,0.17,-20.58,-0.03,639.1,0.64,10
110,空头进场,2026-09-16 12:07,S,76222.6,1.055343,80440.98735,87.8,0.11,0,136.46,0.17,-20.58,-0.03,639.1,0.64,10
111,空头出场,2026-09-16 12:33,Trail,75832.8,1.057921,80511.27924,286.17,0.36,0,328.59,0.41,0,0.00,925.27,0.93,13
111,空头进场,2026-09-16 12:20,S,76103.3,1.057921,80511.27924,286.17,0.36,0,328.59,0.41,0,0.00,925.27,0.93,13
112,多头出场,2026-09-16 12:51,Trail,75996.3,1.062558,80739.42593,11.05,0.01,0,56.85,0.07,-17.32,-0.02,936.32,0.94,3
112,多头进场,2026-09-16 12:48,L,75985.9,1.062558,80739.42593,11.05,0.01,0,56.85,0.07,-17.32,-0.02,936.32,0.94,3
113,空头出场,2026-09-16 13:04,Trail,75742.3,1.063143,80751.98339,227.09,0.28,0,275.25,0.34,-70.17,-0.09,1163.4,1.16,8
113,空头进场,2026-09-16 12:56,S,75955.9,1.063143,80751.98339,227.09,0.28,0,275.25,0.34,-70.17,-0.09,1163.4,1.16,8
114,多头出场,2026-09-16 13:30,Trail,75736,1.067273,80942.09105,-111.1,-0.14,0,0,0.00,-111.1,-0.14,1052.3,1.05,2
114,多头进场,2026-09-16 13:28,L,75840.1,1.067273,80942.09105,-111.1,-0.14,0,0,0.00,-111.1,-0.14,1052.3,1.05,2
115,多头出场,2026-09-16 14:31,Trail,75750.2,1.068447,80835.60152,99.47,0.12,0,185.7,0.23,-122.02,-0.15,1151.77,1.15,15
115,多头进场,2026-09-16 14:16,L,75657.1,1.068447,80835.60152,99.47,0.12,0,185.7,0.23,-122.02,-0.15,1151.77,1.15,15
116,多头出场,2026-09-16 15:30,Trail,75571.3,1.068306,80921.4019,-188.13,-0.23,0,56.19,0.07,-188.13,-0.23,963.65,0.96,20
116,多头进场,2026-09-16 15:10,L,75747.4,1.068306,80921.4019,-188.13,-0.23,0,56.19,0.07,-188.13,-0.23,963.65,0.96,20
117,空头出场,2026-09-16 15:47,Trail,75879.2,1.066223,80773.3227,-130.83,-0.16,0,44.99,0.06,-130.83,-0.16,832.82,0.83,7
117,空头进场,2026-09-16 15:40,S,75756.5,1.066223,80773.3227,-130.83,-0.16,0,44.99,0.06,-130.83,-0.16,832.82,0.83,7
118,多头出场,2026-09-16 16:51,Trail,75728.1,1.063895,80666.22113,-99.47,-0.12,0,10.96,0.01,-99.47,-0.12,733.35,0.73,3
118,多头进场,2026-09-16 16:48,L,75821.6,1.063895,80666.22113,-99.47,-0.12,0,10.96,0.01,-99.47,-0.12,733.35,0.73,3
119,多头出场,2026-09-16 17:05,Trail,75761.8,1.063857,80591.21041,8.51,0.01,0,46.81,0.06,-4.47,-0.01,741.86,0.74,1
119,多头进场,2026-09-16 17:04,L,75753.8,1.063857,80591.21041,8.51,0.01,0,46.81,0.06,-4.47,-0.01,741.86,0.74,1
120,空头出场,2026-09-16 17:22,Trail,75677.8,1.064078,80594.01257,66.93,0.08,0,111.2,0.14,-13.09,-0.02,808.79,0.81,2
120,空头进场,2026-09-16 17:20,S,75740.7,1.064078,80594.01257,66.93,0.08,0,111.2,0.14,-13.09,-0.02,808.79,0.81,2
121,多头出场,2026-09-16 17:27,Trail,75724.7,1.065402,80647.09595,30.15,0.04,0,78.2,0.10,-0.11,0.00,838.94,0.84,2
121,多头进场,2026-09-16 17:25,L,75696.4,1.065402,80647.09595,30.15,0.04,0,78.2,0.10,-0.11,0.00,838.94,0.84,2
122,多头出场,2026-09-16 17:54,Trail,75522.8,1.069339,80671.14803,88.33,0.11,0,152.92,0.19,-26.2,-0.03,927.27,0.93,2
122,多头进场,2026-09-16 17:52,L,75440.2,1.069339,80671.14803,88.33,0.11,0,152.92,0.19,-26.2,-0.03,927.27,0.93,2
123,多头出场,2026-09-16 18:07,Trail,76176,1.064625,80749.03822,349.84,0.43,0,541.15,0.67,0,0.00,1277.1,1.28,2
123,多头进场,2026-09-16 18:05,L,75847.4,1.064625,80749.03822,349.84,0.43,0,541.15,0.67,0,0.00,1277.1,1.28,2
124,空头出场,2026-09-16 19:14,Trail,75887,1.065499,81027.0435,169.52,0.21,0,340.21,0.42,-37.83,-0.05,1446.62,1.45,7
124,空头进场,2026-09-16 19:07,S,76046.1,1.065499,81027.0435,169.52,0.21,0,340.21,0.42,-37.83,-0.05,1446.62,1.45,7
125,空头出场,2026-09-16 20:03,Trail,76201.9,1.067043,81151.71457,-158.99,-0.20,0,33.29,0.04,-158.99,-0.20,1287.63,1.29,2
125,空头进场,2026-09-16 20:01,S,76052.9,1.067043,81151.71457,-158.99,-0.20,0,33.29,0.04,-158.99,-0.20,1287.63,1.29,2
126,空头出场,2026-09-16 20:22,Trail,76365.1,1.063385,81030.25602,-175.25,-0.22,0,69.65,0.09,-175.25,-0.22,1112.39,1.11,13
126,空头进场,2026-09-16 20:09,S,76200.3,1.063385,81030.25602,-175.25,-0.22,0,69.65,0.09,-175.25,-0.22,1112.39,1.11,13
127,空头出场,2026-09-16 20:42,Trail,76090.6,1.062428,80890.61185,49.83,0.06,0,112.4,0.14,-15.51,-0.02,1162.21,1.16,4
127,空头进场,2026-09-16 20:38,S,76137.5,1.062428,80890.61185,49.83,0.06,0,112.4,0.14,-15.51,-0.02,1162.21,1.16,4
128,多头出场,2026-09-16 21:02,Trail,76151.8,1.063061,80929.87718,24.13,0.03,0,75.26,0.09,-24.13,-0.03,1186.35,1.19,7
128,多头进场,2026-09-16 20:55,L,76129.1,1.063061,80929.87718,24.13,0.03,0,75.26,0.09,-24.13,-0.03,1186.35,1.19,7
129,空头出场,2026-09-16 21:15,Trail,76118.3,1.063003,80949.06035,35.08,0.04,0,73.13,0.09,-26.58,-0.03,1221.43,1.22,6
129,空头进场,2026-09-16 21:09,S,76151.3,1.063003,80949.06035,35.08,0.04,0,73.13,0.09,-26.58,-0.03,1221.43,1.22,6
130,多头出场,2026-09-16 21:38,Trail,76023.1,1.064322,80977.13002,-64.07,-0.08,0,0,0.00,-64.07,-0.08,1157.35,1.16,6
130,多头进场,2026-09-16 21:32,L,76083.3,1.064322,80977.13002,-64.07,-0.08,0,0,0.00,-64.07,-0.08,1157.35,1.16,6
131,多头出场,2026-09-16 22:00,Trail,75945.2,1.064838,80925.87778,-56.54,-0.07,0,0,0.00,-56.54,-0.07,1100.81,1.10,1
131,多头进场,2026-09-16 21:59,L,75998.3,1.064838,80925.87778,-56.54,-0.07,0,0,0.00,-56.54,-0.07,1100.81,1.10,1
132,多头出场,2026-09-16 23:00,Trail,75690.7,1.068761,80880.6262,14.64,0.02,0,44.99,0.06,-20.52,-0.03,1115.45,1.12,4
132,多头进场,2026-09-16 22:56,L,75677,1.068761,80880.6262,14.64,0.02,0,44.99,0.06,-20.52,-0.03,1115.45,1.12,4
133,空头出场,2026-09-16 23:51,Trail,76254.6,1.06205,80890.50722,-95.69,-0.12,0,15.29,0.02,-95.69,-0.12,1019.76,1.02,8
133,空头进场,2026-09-16 23:43,S,76164.5,1.06205,80890.50722,-95.69,-0.12,0,15.29,0.02,-95.69,-0.12,1019.76,1.02,8
134,空头出场,2026-09-17 00:09,Trail,76305.1,1.060517,80822.21267,-100.64,-0.12,0,0,0.00,-100.64,-0.12,919.12,0.92,2
134,空头进场,2026-09-17 00:07,S,76210.2,1.060517,80822.21267,-100.64,-0.12,0,0,0.00,-100.64,-0.12,919.12,0.92,2
135,空头出场,2026-09-17 01:06,Trail,76277,1.056585,80733.44853,140.31,0.17,0,200.54,0.25,-94.25,-0.12,1059.43,1.06,29
135,空头进场,2026-09-17 00:37,S,76409.8,1.056585,80733.44853,140.31,0.17,0,200.54,0.25,-94.25,-0.12,1059.43,1.06,29
136,多头出场,2026-09-17 01:26,Trail,76579.2,1.058802,80847.89724,234.31,0.29,0,287.04,0.36,0,0.00,1293.75,1.29,6
136,多头进场,2026-09-17 01:20,L,76357.9,1.058802,80847.89724,234.31,0.29,0,287.04,0.36,0,0.00,1293.75,1.29,6
137,多头出场,2026-09-17 02:06,Trail,76288.1,1.060942,81033.26464,-96.02,-0.12,0,17.29,0.02,-96.02,-0.12,1197.73,1.20,2
137,多头进场,2026-09-17 02:04,L,76378.6,1.060942,81033.26464,-96.02,-0.12,0,17.29,0.02,-96.02,-0.12,1197.73,1.20,2
138,多头出场,2026-09-17 02:20,Trail,76079.1,1.062733,80958.14975,-106.38,-0.13,0,27.52,0.03,-106.38,-0.13,1091.35,1.09,4
138,多头进场,2026-09-17 02:16,L,76179.2,1.062733,80958.14975,-106.38,-0.13,0,27.52,0.03,-106.38,-0.13,1091.35,1.09,4
139,多头出场,2026-09-17 02:28,Trail,76173.6,1.062662,80873.14765,73.64,0.09,0,123.69,0.15,-25.72,-0.03,1164.99,1.16,5
139,多头进场,2026-09-17 02:23,L,76104.3,1.062662,80873.14765,73.64,0.09,0,123.69,0.15,-25.72,-0.03,1164.99,1.16,5
140,空头出场,2026-09-17 03:03,Trail,76434.7,1.060072,80930.13677,-96.15,-0.12,0,13.78,0.02,-96.15,-0.12,1068.84,1.07,9
140,空头进场,2026-09-17 02:54,S,76344,1.060072,80930.13677,-96.15,-0.12,0,13.78,0.02,-96.15,-0.12,1068.84,1.07,9
141,空头出场,2026-09-17 03:15,Trail,76447.1,1.057632,80855.01453,2.12,0.00,0,44.53,0.06,-8.78,-0.01,1070.96,1.07,6
141,空头进场,2026-09-17 03:09,S,76449.1,1.057632,80855.01453,2.12,0.00,0,44.53,0.06,-8.78,-0.01,1070.96,1.07,6
142,多头出场,2026-09-17 03:26,Trail,76491.1,1.057703,80856.84623,48.02,0.06,0,84.19,0.10,-39.98,-0.05,1118.98,1.12,10
142,多头进场,2026-09-17 03:16,L,76445.7,1.057703,80856.84623,48.02,0.06,0,84.19,0.10,-39.98,-0.05,1118.98,1.12,10
143,空头出场,2026-09-17 03:32,Trail,76470,1.05763,80895.15734,18.19,0.02,0,50.45,0.06,-42.83,-0.05,1137.17,1.14,4
143,空头进场,2026-09-17 03:28,S,76487.2,1.05763,80895.15734,18.19,0.02,0,50.45,0.06,-42.83,-0.05,1137.17,1.14,4
144,多头出场,2026-09-17 03:43,Trail,76463.8,1.057204,80909.72509,-71.89,-0.09,0,0.11,0.00,-71.89,-0.09,1065.28,1.07,9
144,多头进场,2026-09-17 03:34,L,76531.8,1.057204,80909.72509,-71.89,-0.09,0,0.11,0.00,-71.89,-0.09,1065.28,1.07,9
145,多头出场,2026-09-17 04:09,Trail,76353.6,1.058259,80852.04586,-50.16,-0.06,0,0.11,0.00,-50.16,-0.06,1015.12,1.02,3
145,多头进场,2026-09-17 04:06,L,76401,1.058259,80852.04586,-50.16,-0.06,0,0.11,0.00,-50.16,-0.06,1015.12,1.02,3
146,空头出场,2026-09-17 05:21,Trail,76466.1,1.056316,80812.39926,40.03,0.05,0,88.84,0.11,-32.96,-0.04,1055.15,1.06,17
146,空头进场,2026-09-17 05:04,S,76504,1.056316,80812.39926,40.03,0.05,0,88.84,0.11,-32.96,-0.04,1055.15,1.06,17
147,多头出场,2026-09-17 05:57,Trail,76339.5,1.058033,80844.08992,-74.38,-0.09,0,30.05,0.04,-74.38,-0.09,980.77,0.98,20
147,多头进场,2026-09-17 05:37,L,76409.8,1.058033,80844.08992,-74.38,-0.09,0,30.05,0.04,-74.38,-0.09,980.77,0.98,20
148,多头出场,2026-09-17 06:06,Trail,76427.6,1.058366,80784.5476,103.83,0.13,0,134.84,0.17,0,0.00,1084.6,1.08,3
148,多头进场,2026-09-17 06:03,L,76329.5,1.058366,80784.5476,103.83,0.13,0,134.84,0.17,0,0.00,1084.6,1.08,3
149,空头出场,2026-09-17 06:36,Trail,76536.2,1.05748,80867.61056,-67.89,-0.08,0,0.11,0.00,-67.89,-0.08,1016.71,1.02,3
149,空头进场,2026-09-17 06:33,S,76472,1.05748,80867.61056,-67.89,-0.08,0,0.11,0.00,-67.89,-0.08,1016.71,1.02,3
150,空头出场,2026-09-17 06:52,Trail,76537.3,1.05582,80817.10841,7.5,0.01,0,34.21,0.04,-0.11,0.00,1024.21,1.02,1
150,空头进场,2026-09-17 06:51,S,76544.4,1.05582,80817.10841,7.5,0.01,0,34.21,0.04,-0.11,0.00,1024.21,1.02,1
151,空头出场,2026-09-17 07:16,Trail,76551.9,1.054023,80819.32157,131.86,0.16,0,174.02,0.22,-3.58,0.00,1156.06,1.16,5
151,空头进场,2026-09-17 07:11,S,76677,1.054023,80819.32157,131.86,0.16,0,174.02,0.22,-3.58,0.00,1156.06,1.16,5
152,多头出场,2026-09-17 07:52,Trail,76472,1.057498,80924.82295,-55.84,-0.07,0,19.14,0.02,-55.84,-0.07,1100.23,1.10,4
152,多头进场,2026-09-17 07:48,L,76524.8,1.057498,80924.82295,-55.84,-0.07,0,19.14,0.02,-55.84,-0.07,1100.23,1.10,4
153,空头出场,2026-09-17 08:30,Trail,76465.8,1.057354,80872.56657,21.15,0.03,0,56.89,0.07,-48,-0.06,1121.38,1.12,5
153,空头进场,2026-09-17 08:25,S,76485.8,1.057354,80872.56657,21.15,0.03,0,56.89,0.07,-48,-0.06,1121.38,1.12,5
154,空头出场,2026-09-17 08:54,Trail,76560.5,1.057641,80897.05634,-76.47,-0.09,0,41.35,0.05,-76.47,-0.09,1044.91,1.04,13
154,空头进场,2026-09-17 08:41,S,76488.2,1.057641,80897.05634,-76.47,-0.09,0,41.35,0.05,-76.47,-0.09,1044.91,1.04,13
155,空头出场,2026-09-17 09:18,Trail,76730.4,1.054297,80835.90302,-60.73,-0.08,0,18.24,0.02,-60.73,-0.08,984.18,0.98,4
155,空头进场,2026-09-17 09:14,S,76672.8,1.054297,80835.90302,-60.73,-0.08,0,18.24,0.02,-60.73,-0.08,984.18,0.98,4
156,空头出场,2026-09-17 09:26,Trail,76716.4,1.052794,80786.98983,20.42,0.03,0,61.17,0.08,0,0.00,1004.6,1.00,3
156,空头进场,2026-09-17 09:23,S,76735.8,1.052794,80786.98983,20.42,0.03,0,61.17,0.08,0,0.00,1004.6,1.00,3
157,空头出场,2026-09-17 09:33,Trail,76677.3,1.053768,80804.30014,4.22,0.01,0,41.83,0.05,-31.61,-0.04,1008.82,1.01,3
157,空头进场,2026-09-17 09:30,S,76681.3,1.053768,80804.30014,4.22,0.01,0,41.83,0.05,-31.61,-0.04,1008.82,1.01,3
158,多头出场,2026-09-17 10:09,Trail,76401.8,1.057809,80807.40466,11.11,0.01,0,48.45,0.06,0,0.00,1019.93,1.02,2
158,多头进场,2026-09-17 10:07,L,76391.3,1.057809,80807.40466,11.11,0.01,0,48.45,0.06,0,0.00,1019.93,1.02,2
159,多头出场,2026-09-17 10:31,Trail,76351,1.058552,80815.78757,5.72,0.01,0,44.46,0.06,-33.34,-0.04,1025.64,1.03,12
159,多头进场,2026-09-17 10:19,L,76345.6,1.058552,80815.78757,5.72,0.01,0,44.46,0.06,-33.34,-0.04,1025.64,1.03,12
160,空头出场,2026-09-17 11:41,Trail,76204.4,1.058396,80820.49447,166.06,0.21,0,200.99,0.25,-54.19,-0.07,1191.71,1.19,22
160,空头进场,2026-09-17 11:19,S,76361.3,1.058396,80820.49447,166.06,0.21,0,200.99,0.25,-54.19,-0.07,1191.71,1.19,22
161,空头出场,2026-09-17 12:51,Trail,76870.1,1.052126,80953.30997,76.28,0.09,0,163.92,0.20,-116.37,-0.14,1267.98,1.27,18
161,空头进场,2026-09-17 12:33,S,76942.6,1.052126,80953.30997,76.28,0.09,0,163.92,0.20,-116.37,-0.14,1267.98,1.27,18
162,多头出场,2026-09-17 13:05,Trail,76829.9,1.054594,81014.33292,10.02,0.01,0,71.19,0.09,-16.77,-0.02,1278,1.28,2
162,多头进场,2026-09-17 13:03,L,76820.4,1.054594,81014.33292,10.02,0.01,0,71.19,0.09,-16.77,-0.02,1278,1.28,2
163,多头出场,2026-09-17 13:25,Trail,76583,1.056449,81022.13751,-116.1,-0.14,0,56.2,0.07,-116.1,-0.14,1161.9,1.16,12
163,多头进场,2026-09-17 13:13,L,76692.9,1.056449,81022.13751,-116.1,-0.14,0,56.2,0.07,-116.1,-0.14,1161.9,1.16,12
164,空头出场,2026-09-17 14:21,Trail,76803.5,1.05368,80929.57829,3.27,0.00,0,111.06,0.14,-7.8,-0.01,1165.17,1.17,4
164,空头进场,2026-09-17 14:17,S,76806.6,1.05368,80929.57829,3.27,0.00,0,111.06,0.14,-7.8,-0.01,1165.17,1.17,4
165,多头出场,2026-09-17 14:58,Trail,76511,1.055866,80933.81829,-148.45,-0.18,0,13.62,0.02,-148.45,-0.18,1016.71,1.02,3
165,多头进场,2026-09-17 14:55,L,76651.6,1.055866,80933.81829,-148.45,-0.18,0,13.62,0.02,-148.45,-0.18,1016.71,1.02,3
166,多头出场,2026-09-17 15:20,Trail,76382.1,1.058394,80814.8381,27.52,0.03,0,108.91,0.13,-94.62,-0.12,1044.23,1.04,15
166,多头进场,2026-09-17 15:05,L,76356.1,1.058394,80814.8381,27.52,0.03,0,108.91,0.13,-94.62,-0.12,1044.23,1.04,15
167,空头出场,2026-09-17 16:21,Trail,76713.5,1.053559,80833.7875,11.59,0.01,0,55.31,0.07,-7.9,-0.01,1055.82,1.06,2
167,空头进场,2026-09-17 16:19,S,76724.5,1.053559,80833.7875,11.59,0.01,0,55.31,0.07,-7.9,-0.01,1055.82,1.06,2
168,空头出场,2026-09-17 17:30,Trail,76923.2,1.051007,80847.13696,0.32,0.00,0,67.16,0.08,-0.42,0.00,1056.13,1.06,4
168,空头进场,2026-09-17 17:26,S,76923.5,1.051007,80847.13696,0.32,0.00,0,67.16,0.08,-0.42,0.00,1056.13,1.06,4
169,多头出场,2026-09-17 17:35,Trail,76931.2,1.051095,80844.97192,17.03,0.02,0,60.54,0.07,-10.41,-0.01,1073.16,1.07,1
169,多头进场,2026-09-17 17:34,L,76915,1.051095,80844.97192,17.03,0.02,0,60.54,0.07,-10.41,-0.01,1073.16,1.07,1
170,空头出场,2026-09-17 17:41,Trail,76834,1.052293,80858.50981,6.63,0.01,0,51.25,0.06,0,0.00,1079.79,1.08,3
170,空头进场,2026-09-17 17:38,S,76840.3,1.052293,80858.50981,6.63,0.01,0,51.25,0.06,0,0.00,1079.79,1.08,3
171,多头出场,2026-09-17 18:20,Trail,76755.6,1.054432,80863.65198,69.91,0.09,0,105.02,0.13,-45.13,-0.06,1149.7,1.15,12
171,多头进场,2026-09-17 18:08,L,76689.3,1.054432,80863.65198,69.91,0.09,0,105.02,0.13,-45.13,-0.06,1149.7,1.15,12
172,空头出场,2026-09-17 18:26,Trail,76760.2,1.053963,80919.69567,17.28,0.02,0,47.32,0.06,-0.11,0.00,1166.98,1.17,3
172,空头进场,2026-09-17 18:23,S,76776.6,1.053963,80919.69567,17.28,0.02,0,47.32,0.06,-0.11,0.00,1166.98,1.17,3
173,空头出场,2026-09-17 18:35,Trail,76618.5,1.054744,80933.56588,120.66,0.15,0,148.72,0.18,-6.54,-0.01,1287.65,1.29,2
173,空头进场,2026-09-17 18:33,S,76732.9,1.054744,80933.56588,120.66,0.15,0,148.72,0.18,-6.54,-0.01,1287.65,1.29,2
174,多头出场,2026-09-17 19:15,Trail,76550.3,1.057547,81030.09718,-74.56,-0.09,0,8.88,0.01,-74.56,-0.09,1213.09,1.21,21
174,多头进场,2026-09-17 18:54,L,76620.8,1.057547,81030.09718,-74.56,-0.09,0,8.88,0.01,-74.56,-0.09,1213.09,1.21,21
175,多头出场,2026-09-17 19:36,Trail,76543.7,1.057011,80970.42504,-62.89,-0.08,0,0,0.00,-62.89,-0.08,1150.2,1.15,1
175,多头进场,2026-09-17 19:35,L,76603.2,1.057011,80970.42504,-62.89,-0.08,0,0,0.00,-62.89,-0.08,1150.2,1.15,1
176,多头出场,2026-09-17 20:25,Trail,76693.5,1.056357,80920.11527,95.6,0.12,0,120.32,0.15,-1.69,0.00,1245.8,1.25,6
176,多头进场,2026-09-17 20:19,L,76603,1.056357,80920.11527,95.6,0.12,0,120.32,0.15,-1.69,0.00,1245.8,1.25,6
177,多头出场,2026-09-17 21:02,Trail,76554.7,1.058484,80996.57171,35.35,0.04,0,59.49,0.07,0,0.00,1281.15,1.28,8
177,多头进场,2026-09-17 20:54,L,76521.3,1.058484,80996.57171,35.35,0.04,0,59.49,0.07,0,0.00,1281.15,1.28,8
178,多头出场,2026-09-17 21:26,Trail,76558.4,1.059181,81025.0163,64.19,0.08,0,80.92,0.10,-0.11,0.00,1345.34,1.35,12
178,多头进场,2026-09-17 21:14,L,76497.8,1.059181,81025.0163,64.19,0.08,0,80.92,0.10,-0.11,0.00,1345.34,1.35,12
179,空头出场,2026-09-17 21:42,Trail,76554.5,1.058836,81076.34312,17.68,0.02,0,29.65,0.04,-3.28,0.00,1363.02,1.36,3
179,空头进场,2026-09-17 21:39,S,76571.2,1.058836,81076.34312,17.68,0.02,0,29.65,0.04,-3.28,0.00,1363.02,1.36,3
180,多头出场,2026-09-17 22:07,Trail,76436.1,1.061726,81090.38498,63.81,0.08,0,91.52,0.11,-27.6,-0.03,1426.83,1.43,4
180,多头进场,2026-09-17 22:03,L,76376,1.061726,81090.38498,63.81,0.08,0,91.52,0.11,-27.6,-0.03,1426.83,1.43,4
181,多头出场,2026-09-17 22:16,Trail,76337.9,1.062033,81143.56933,-70.2,-0.09,0,3.72,0.00,-70.2,-0.09,1356.63,1.36,4
181,多头进场,2026-09-17 22:12,L,76404,1.062033,81143.56933,-70.2,-0.09,0,3.72,0.00,-70.2,-0.09,1356.63,1.36,4
182,多头出场,2026-09-17 22:40,Trail,76430.6,1.06274,81085.36162,140.49,0.17,0,166.85,0.21,-19.13,-0.02,1497.12,1.50,7
182,多头进场,2026-09-17 22:33,L,76298.4,1.06274,81085.36162,140.49,0.17,0,166.85,0.21,-19.13,-0.02,1497.12,1.50,7
183,空头出场,2026-09-17 23:37,Trail,76411.4,1.061733,81197.62377,69.12,0.09,0,98.85,0.12,-38.12,-0.05,1566.24,1.57,28
183,空头进场,2026-09-17 23:09,S,76476.5,1.061733,81197.62377,69.12,0.09,0,98.85,0.12,-38.12,-0.05,1566.24,1.57,28
184,多头出场,2026-09-17 23:59,Trail,76441.8,1.06243,81256.66502,-42.6,-0.05,0,0,0.00,-42.6,-0.05,1523.64,1.52,2
184,多头进场,2026-09-17 23:57,L,76481.9,1.06243,81256.66502,-42.6,-0.05,0,0,0.00,-42.6,-0.05,1523.64,1.52,2
185,空头出场,2026-09-18 01:16,Trail,76555.5,1.059441,81218.76,112.72,0.14,0,152.56,0.19,0,0.00,1636.36,1.64,3
185,空头进场,2026-09-18 01:13,S,76661.9,1.059441,81218.76,112.72,0.14,0,152.56,0.19,0,0.00,1636.36,1.64,3
186,多头出场,2026-09-18 01:44,Trail,76697.6,1.060968,81309.08633,64.61,0.08,0,91.88,0.11,-11.99,-0.01,1700.98,1.70,6
186,多头进场,2026-09-18 01:38,L,76636.7,1.060968,81309.08633,64.61,0.08,0,91.88,0.11,-11.99,-0.01,1700.98,1.70,6
187,多头出场,2026-09-18 01:57,Trail,76744.4,1.060315,81360.72677,12.51,0.02,0,41.25,0.05,-25.77,-0.03,1713.49,1.71,2
187,多头进场,2026-09-18 01:55,L,76732.6,1.060315,81360.72677,12.51,0.02,0,41.25,0.05,-25.77,-0.03,1713.49,1.71,2
188,空头出场,2026-09-18 02:02,Trail,76797.6,1.060354,81370.82371,-61.82,-0.08,0,21.95,0.03,-61.82,-0.08,1651.67,1.65,2
188,空头进场,2026-09-18 02:00,S,76739.3,1.060354,81370.82371,-61.82,-0.08,0,21.95,0.03,-61.82,-0.08,1651.67,1.65,2
189,空头出场,2026-09-18 02:11,Trail,76677,1.060294,81322.32318,22.16,0.03,0,53.97,0.07,-14.74,-0.02,1673.83,1.67,5
189,空头进场,2026-09-18 02:06,S,76697.9,1.060294,81322.32318,22.16,0.03,0,53.97,0.07,-14.74,-0.02,1673.83,1.67,5
190,空头出场,2026-09-18 03:04,Trail,77005.3,1.056201,81338.88397,5.81,0.01,0,36.65,0.05,-7.82,-0.01,1679.64,1.68,7
190,空头进场,2026-09-18 02:57,S,77010.8,1.056201,81338.88397,5.81,0.01,0,36.65,0.05,-7.82,-0.01,1679.64,1.68,7
191,多头出场,2026-09-18 03:09,Trail,77052.6,1.056175,81344.1693,36.86,0.05,0,62.63,0.08,0,0.00,1716.5,1.72,4
191,多头进场,2026-09-18 03:05,L,77017.7,1.056175,81344.1693,36.86,0.05,0,62.63,0.08,0,0.00,1716.5,1.72,4
192,空头出场,2026-09-18 03:41,Trail,77386.7,1.050655,81373.22975,66.51,0.08,0,140.16,0.17,-35.51,-0.04,1783.01,1.78,10
192,空头进场,2026-09-18 03:31,S,77450,1.050655,81373.22975,66.51,0.08,0,140.16,0.17,-35.51,-0.04,1783.01,1.78,10
193,多头出场,2026-09-18 04:05,Trail,77306.2,1.052238,81426.38539,-81.86,-0.10,0,42.72,0.05,-81.86,-0.10,1701.14,1.70,3
193,多头进场,2026-09-18 04:02,L,77384,1.052238,81426.38539,-81.86,-0.10,0,42.72,0.05,-81.86,-0.10,1701.14,1.70,3
194,空头出场,2026-09-18 04:43,Trail,77301.3,1.052313,81360.84237,15.68,0.02,0,57.25,0.07,-4.95,-0.01,1716.82,1.72,5
194,空头进场,2026-09-18 04:38,S,77316.2,1.052313,81360.84237,15.68,0.02,0,57.25,0.07,-4.95,-0.01,1716.82,1.72,5
195,空头出场,2026-09-18 05:23,Trail,77508.1,1.049619,81377.27596,23.3,0.03,0,84.18,0.10,-70.74,-0.09,1740.12,1.74,8
195,空头进场,2026-09-18 05:15,S,77530.3,1.049619,81377.27596,23.3,0.03,0,84.18,0.10,-70.74,-0.09,1740.12,1.74,8
196,空头出场,2026-09-18 06:04,Trail,77561.6,1.049348,81392.04801,2.94,0.00,0,38.09,0.05,-30.12,-0.04,1743.06,1.74,1
196,空头进场,2026-09-18 06:03,S,77564.4,1.049348,81392.04801,2.94,0.00,0,38.09,0.05,-30.12,-0.04,1743.06,1.74,1
197,空头出场,2026-09-18 06:22,Trail,77528.9,1.049835,81394.44243,1.89,0.00,0,43.25,0.05,0,0.00,1744.95,1.74,2
197,空头进场,2026-09-18 06:20,S,77530.7,1.049835,81394.44243,1.89,0.00,0,43.25,0.05,0,0.00,1744.95,1.74,2
198,多头出场,2026-09-18 06:56,Trail,77439,1.050248,81395.27025,-65.12,-0.08,0,13.13,0.02,-65.12,-0.08,1679.84,1.68,8
198,多头进场,2026-09-18 06:48,L,77501,1.050248,81395.27025,-65.12,-0.08,0,13.13,0.02,-65.12,-0.08,1679.84,1.68,8
199,多头出场,2026-09-18 07:01,Trail,77612.1,1.048286,81340.91354,18.76,0.02,0,58.49,0.07,-30.09,-0.04,1698.6,1.70,1
199,多头进场,2026-09-18 07:00,L,77594.2,1.048286,81340.91354,18.76,0.02,0,58.49,0.07,-30.09,-0.04,1698.6,1.70,1
200,空头出场,2026-09-18 08:01,Trail,77865.6,1.046481,81358.87464,-126,-0.15,0,21.14,0.03,-126,-0.15,1572.6,1.57,36
200,空头进场,2026-09-18 07:25,S,77745.2,1.046481,81358.87464,-126,-0.15,0,21.14,0.03,-126,-0.15,1572.6,1.57,36
201,空头出场,2026-09-18 10:14,Trail,78142.3,1.039714,81258.11987,12.48,0.02,0,54.79,0.07,-40.34,-0.05,1585.08,1.59,6
201,空头进场,2026-09-18 10:08,S,78154.3,1.039714,81258.11987,12.48,0.02,0,54.79,0.07,-40.34,-0.05,1585.08,1.59,6
202,空头出场,2026-09-18 10:28,Trail,78265.9,1.039443,81268.0194,-84.92,-0.10,0,28.79,0.04,-84.92,-0.10,1500.16,1.50,10
202,空头进场,2026-09-18 10:18,S,78184.2,1.039443,81268.0194,-84.92,-0.10,0,28.79,0.04,-84.92,-0.10,1500.16,1.50,10
203,空头出场,2026-09-18 11:01,Trail,78293.5,1.036734,81200.22076,30.69,0.04,0,66.97,0.08,-16.59,-0.02,1530.85,1.53,8
203,空头进场,2026-09-18 10:53,S,78323.1,1.036734,81200.22076,30.69,0.04,0,66.97,0.08,-16.59,-0.02,1530.85,1.53,8
204,空头出场,2026-09-18 11:10,Trail,78217.6,1.040045,81227.4105,-122.41,-0.15,0,22.46,0.03,-122.41,-0.15,1408.43,1.41,2
204,空头进场,2026-09-18 11:08,S,78099.9,1.040045,81227.4105,-122.41,-0.15,0,22.46,0.03,-122.41,-0.15,1408.43,1.41,2
205,多头出场,2026-09-18 11:33,Trail,78113.3,1.039486,81126.78882,70.89,0.09,0,126.3,0.16,0,0.00,1479.33,1.48,5
205,多头进场,2026-09-18 11:28,L,78045.1,1.039486,81126.78882,70.89,0.09,0,126.3,0.16,0,0.00,1479.33,1.48,5
206,空头出场,2026-09-18 12:02,Trail,78043.8,1.039905,81183.51152,25.37,0.03,0,57.82,0.07,-20.9,-0.03,1504.7,1.50,5
206,空头进场,2026-09-18 11:57,S,78068.2,1.039905,81183.51152,25.37,0.03,0,57.82,0.07,-20.9,-0.03,1504.7,1.50,5
207,多头出场,2026-09-18 12:06,Trail,78035.8,1.039469,81199.78409,-83.99,-0.10,0,12.37,0.02,-83.99,-0.10,1420.71,1.42,1
207,多头进场,2026-09-18 12:05,L,78116.6,1.039469,81199.78409,-83.99,-0.10,0,12.37,0.02,-83.99,-0.10,1420.71,1.42,1
208,多头出场,2026-09-18 13:23,Trail,78121.9,1.039653,81136.49546,83.17,0.10,0,116.34,0.14,-2.08,0.00,1503.88,1.50,7
208,多头进场,2026-09-18 13:16,L,78041.9,1.039653,81136.49546,83.17,0.10,0,116.34,0.14,-2.08,0.00,1503.88,1.50,7
209,空头出场,2026-09-18 14:11,Trail,80298.8,1.010723,81203.0019,43.16,0.05,0,233.98,0.29,-26.58,-0.03,1547.04,1.55,3
209,空头进场,2026-09-18 14:08,S,80341.5,1.010723,81203.0019,43.16,0.05,0,233.98,0.29,-26.58,-0.03,1547.04,1.55,3
210,多头出场,2026-09-18 15:02,Trail,80951,1.003592,81237.66126,4.11,0.01,0,105.48,0.13,-43.36,-0.05,1551.15,1.55,2
210,多头进场,2026-09-18 15:00,L,80946.9,1.003592,81237.66126,4.11,0.01,0,105.48,0.13,-43.36,-0.05,1551.15,1.55,2
211,空头出场,2026-09-18 15:14,Trail,80681.4,1.006583,81240.9113,28.39,0.03,0,139.11,0.17,-205.85,-0.25,1579.54,1.58,10
211,空头进场,2026-09-18 15:04,S,80709.6,1.006583,81240.9113,28.39,0.03,0,139.11,0.17,-205.85,-0.25,1579.54,1.58,10
212,空头出场,2026-09-18 15:25,Trail,81125.7,1.004666,81263.61501,-240.62,-0.30,0,28.73,0.04,-240.62,-0.30,1338.92,1.34,6
212,空头进场,2026-09-18 15:19,S,80886.2,1.004666,81263.61501,-240.62,-0.30,0,28.73,0.04,-240.62,-0.30,1338.92,1.34,6
213,空头出场,2026-09-18 16:39,Trail,81049.3,0.999449,81071.10519,66.46,0.08,0,148.22,0.18,-20.89,-0.03,1405.39,1.41,2
213,空头进场,2026-09-18 16:37,S,81115.8,0.999449,81071.10519,66.46,0.08,0,148.22,0.18,-20.89,-0.03,1405.39,1.41,2
214,多头出场,2026-09-18 17:16,Trail,80886.7,1.003263,81124.24749,26.39,0.03,0,94.01,0.12,-98.72,-0.12,1431.77,1.43,10
214,多头进场,2026-09-18 17:06,L,80860.4,1.003263,81124.24749,26.39,0.03,0,94.01,0.12,-98.72,-0.12,1431.77,1.43,10
215,多头出场,2026-09-18 17:33,Trail,80585.8,1.005134,81145.27193,-145.74,-0.18,0,84.23,0.10,-145.74,-0.18,1286.03,1.29,6
215,多头进场,2026-09-18 17:27,L,80730.8,1.005134,81145.27193,-145.74,-0.18,0,84.23,0.10,-145.74,-0.18,1286.03,1.29,6
216,空头出场,2026-09-18 18:05,Trail,80928.4,1.000804,81028.79481,35.33,0.04,0,88.17,0.11,-10.41,-0.01,1321.36,1.32,3
216,空头进场,2026-09-18 18:02,S,80963.7,1.000804,81028.79481,35.33,0.04,0,88.17,0.11,-10.41,-0.01,1321.36,1.32,3
217,多头出场,2026-09-18 20:49,Trail,81134,1.000397,81057.16692,109.04,0.13,0,165.47,0.20,-71.03,-0.09,1430.4,1.43,19
217,多头进场,2026-09-18 20:30,L,81025,1.000397,81057.16692,109.04,0.13,0,165.47,0.20,-71.03,-0.09,1430.4,1.43,19
218,多头出场,2026-09-18 21:09,Trail,81200.6,0.999707,81144.31775,32.49,0.04,0,81.88,0.10,-96.17,-0.12,1462.89,1.46,17
218,多头进场,2026-09-18 20:52,L,81168.1,0.999707,81144.31775,32.49,0.04,0,81.88,0.10,-96.17,-0.12,1462.89,1.46,17
219,多头出场,2026-09-18 21:40,Trail,81245,0.999582,81170.25664,40.78,0.05,0,75.77,0.09,-59.97,-0.07,1503.67,1.50,9
219,多头进场,2026-09-18 21:31,L,81204.2,0.999582,81170.25664,40.78,0.05,0,75.77,0.09,-59.97,-0.07,1503.67,1.50,9
220,多头出场,2026-09-18 22:11,Trail,81345.8,0.999453,81202.85773,98.45,0.12,0,127.53,0.16,-0.1,0.00,1602.12,1.60,6
220,多头进场,2026-09-18 22:05,L,81247.3,0.999453,81202.85773,98.45,0.12,0,127.53,0.16,-0.1,0.00,1602.12,1.60,6
221,多头出场,2026-09-18 23:01,Trail,81186,1.001685,81284.83455,37.96,0.05,0,68.82,0.08,-5.11,-0.01,1640.08,1.64,1
221,多头进场,2026-09-18 23:00,L,81148.1,1.001685,81284.83455,37.96,0.05,0,68.82,0.08,-5.11,-0.01,1640.08,1.64,1
222,多头出场,2026-09-18 23:16,Trail,81166.4,1.001953,81311.99279,12.93,0.02,0,46.59,0.06,-49.4,-0.06,1653.01,1.65,7
222,多头进场,2026-09-18 23:09,L,81153.5,1.001953,81311.99279,12.93,0.02,0,46.59,0.06,-49.4,-0.06,1653.01,1.65,7
223,空头出场,2026-09-18 23:27,Trail,81042.4,1.002167,81322.34447,104.33,0.13,0,133.09,0.16,-1.7,0.00,1757.33,1.76,9
223,空头进场,2026-09-18 23:18,S,81146.5,1.002167,81322.34447,104.33,0.13,0,133.09,0.16,-1.7,0.00,1757.33,1.76,9
224,多头出场,2026-09-18 23:52,Trail,80943.7,1.006067,81405.71009,29.08,0.04,0,61.27,0.08,-34.41,-0.04,1786.41,1.79,9
224,多头进场,2026-09-18 23:43,L,80914.8,1.006067,81405.71009,29.08,0.04,0,61.27,0.08,-34.41,-0.04,1786.41,1.79,9
225,多头出场,2026-09-19 00:07,Trail,80914.4,1.006718,81429.09013,28.89,0.04,0,64.63,0.08,-38.46,-0.05,1815.3,1.82,5
225,多头进场,2026-09-19 00:02,L,80885.7,1.006718,81429.09013,28.89,0.04,0,64.63,0.08,-38.46,-0.05,1815.3,1.82,5
226,空头出场,2026-09-19 00:17,Trail,81027,1.006164,81452.09491,-74.36,-0.09,0,4.83,0.01,-74.36,-0.09,1740.95,1.74,3
226,空头进场,2026-09-19 00:14,S,80953.1,1.006164,81452.09491,-74.36,-0.09,0,4.83,0.01,-74.36,-0.09,1740.95,1.74,3
227,空头出场,2026-09-19 00:44,Trail,81348,1.001484,81392.60765,-76.11,-0.09,0,21.73,0.03,-76.11,-0.09,1664.83,1.66,9
227,空头进场,2026-09-19 00:35,S,81272,1.001484,81392.60765,-76.11,-0.09,0,21.73,0.03,-76.11,-0.09,1664.83,1.66,9
228,空头出场,2026-09-19 00:51,Trail,81357.4,1.000436,81331.84523,-61.03,-0.08,0,22.01,0.03,-61.03,-0.08,1603.81,1.60,2
228,空头进场,2026-09-19 00:49,S,81296.4,1.000436,81331.84523,-61.03,-0.08,0,22.01,0.03,-61.03,-0.08,1603.81,1.60,2
229,多头出场,2026-09-19 01:50,Trail,81394,1.001741,81286.0731,249.63,0.31,0,295.61,0.36,-23.84,-0.03,1853.44,1.85,10
229,多头进场,2026-09-19 01:40,L,81144.8,1.001741,81286.0731,249.63,0.31,0,295.61,0.36,-23.84,-0.03,1853.44,1.85,10
230,空头出场,2026-09-19 02:18,Trail,81360.6,1.001404,81482.74137,7.91,0.01,0,43.56,0.05,-2.6,0.00,1861.35,1.86,2
230,空头进场,2026-09-19 02:16,S,81368.5,1.001404,81482.74137,7.91,0.01,0,43.56,0.05,-2.6,0.00,1861.35,1.86,2
231,多头出场,2026-09-19 02:20,Trail,81346.1,1.00182,81488.94044,5.21,0.01,0,38.07,0.05,0,0.00,1866.56,1.87,1
231,多头进场,2026-09-19 02:19,L,81340.9,1.00182,81488.94044,5.21,0.01,0,38.07,0.05,0,0.00,1866.56,1.87,1
232,空头出场,2026-09-19 02:59,Trail,81307.4,1.002068,81493.1801,17.64,0.02,0,52.51,0.06,-33.27,-0.04,1884.2,1.88,18
232,空头进场,2026-09-19 02:41,S,81325,1.002068,81493.1801,17.64,0.02,0,52.51,0.06,-33.27,-0.04,1884.2,1.88,18
233,多头出场,2026-09-19 03:03,Trail,81328.3,1.002417,81507.42845,17.44,0.02,0,41.7,0.05,-26.26,-0.03,1901.64,1.90,3
233,多头进场,2026-09-19 03:00,L,81310.9,1.002417,81507.42845,17.44,0.02,0,41.7,0.05,-26.26,-0.03,1901.64,1.90,3
234,多头出场,2026-09-19 04:01,Trail,81121.7,1.004357,81521.24723,-46.1,-0.06,0,22.5,0.03,-46.1,-0.06,1855.54,1.86,29
234,多头进场,2026-09-19 03:32,L,81167.6,1.004357,81521.24723,-46.1,-0.06,0,22.5,0.03,-46.1,-0.06,1855.54,1.86,29
235,多头出场,2026-09-19 04:25,Trail,81143.4,1.004207,81484.46902,0.3,0.00,0,21.79,0.03,-18.28,-0.02,1855.84,1.86,2
235,多头进场,2026-09-19 04:23,L,81143.1,1.004207,81484.46902,0.3,0.00,0,21.79,0.03,-18.28,-0.02,1855.84,1.86,2
236,空头出场,2026-09-19 05:38,Trail,81130.3,1.005057,81484.69476,-55.88,-0.07,0,22.71,0.03,-55.88,-0.07,1799.96,1.80,8
236,空头进场,2026-09-19 05:30,S,81074.7,1.005057,81484.69476,-55.88,-0.07,0,22.71,0.03,-55.88,-0.07,1799.96,1.80,8
237,空头出场,2026-09-19 05:59,Trail,81033.9,1.004521,81439.83239,39.58,0.05,0,63.49,0.08,-13.16,-0.02,1839.54,1.84,5
237,空头进场,2026-09-19 05:54,S,81073.3,1.004521,81439.83239,39.58,0.05,0,63.49,0.08,-13.16,-0.02,1839.54,1.84,5
238,多头出场,2026-09-19 06:03,Trail,81055.1,1.005306,81471.60673,13.57,0.02,0,37.8,0.05,-3.32,0.00,1853.11,1.85,1
238,多头进场,2026-09-19 06:02,L,81041.6,1.005306,81471.60673,13.57,0.02,0,37.8,0.05,-3.32,0.00,1853.11,1.85,1
239,空头出场,2026-09-19 06:57,Trail,81046.5,1.004992,81481.93738,30.85,0.04,0,47.44,0.06,0,0.00,1883.96,1.88,7
239,空头进场,2026-09-19 06:50,S,81077.2,1.004992,81481.93738,30.85,0.04,0,47.44,0.06,0,0.00,1883.96,1.88,7
240,多头出场,2026-09-19 07:56,Trail,81151.4,1.00562,81507.21055,100.26,0.12,0,124.6,0.15,-35.2,-0.04,1984.22,1.98,15
240,多头进场,2026-09-19 07:41,L,81051.7,1.00562,81507.21055,100.26,0.12,0,124.6,0.15,-35.2,-0.04,1984.22,1.98,15
241,空头出场,2026-09-19 09:02,Trail,81315.6,1.003275,81587.4266,5.52,0.01,0,43.24,0.05,-53.78,-0.07,1989.74,1.99,24
241,空头进场,2026-09-19 08:38,S,81321.1,1.003275,81587.4266,5.52,0.01,0,43.24,0.05,-53.78,-0.07,1989.74,1.99,24
242,空头出场,2026-09-19 09:27,Trail,81465.5,1.001131,81591.77605,34.14,0.04,0,65.17,0.08,0,0.00,2023.88,2.02,2
242,空头进场,2026-09-19 09:25,S,81499.6,1.001131,81591.77605,34.14,0.04,0,65.17,0.08,0,0.00,2023.88,2.02,2
243,多头出场,2026-09-19 11:25,Trail,81361.7,1.00329,81619.14644,10.23,0.01,0,32.11,0.04,-26.69,-0.03,2034.11,2.03,6
243,多头进场,2026-09-19 11:19,L,81351.5,1.00329,81619.14644,10.23,0.01,0,32.11,0.04,-26.69,-0.03,2034.11,2.03,6
244,空头出场,2026-09-19 12:05,Trail,81338.4,1.003905,81627.21438,-28.81,-0.04,0,0,0.00,-28.81,-0.04,2005.3,2.01,1
244,空头进场,2026-09-19 12:04,S,81309.7,1.003905,81627.21438,-28.81,-0.04,0,0,0.00,-28.81,-0.04,2005.3,2.01,1
245,空头出场,2026-09-19 12:12,Trail,81343.3,1.003046,81604.21159,13.14,0.02,0,28.49,0.03,-14.64,-0.02,2018.44,2.02,2
245,空头进场,2026-09-19 12:10,S,81356.4,1.003046,81604.21159,13.14,0.02,0,28.49,0.03,-14.64,-0.02,2018.44,2.02,2
246,多头出场,2026-09-19 12:19,Trail,81323.9,1.003152,81614.74136,-34.51,-0.04,0,9.83,0.01,-34.51,-0.04,1983.93,1.98,4
246,多头进场,2026-09-19 12:15,L,81358.3,1.003152,81614.74136,-34.51,-0.04,0,9.83,0.01,-34.51,-0.04,1983.93,1.98,4
247,空头出场,2026-09-19 13:02,Trail,81318.2,1.003229,81587.09681,6.32,0.01,0,24.18,0.03,-22.87,-0.03,1990.25,1.99,5
247,空头进场,2026-09-19 12:57,S,81324.5,1.003229,81587.09681,6.32,0.01,0,24.18,0.03,-22.87,-0.03,1990.25,1.99,5
248,空头出场,2026-09-19 13:31,Trail,81225.4,1.003951,81592.20212,45.88,0.06,0,71.08,0.09,-26,-0.03,2036.13,2.04,9
248,空头进场,2026-09-19 13:22,S,81271.1,1.003951,81592.20212,45.88,0.06,0,71.08,0.09,-26,-0.03,2036.13,2.04,9
249,多头出场,2026-09-19 13:50,Trail,81267.3,1.004646,81628.99447,15.87,0.02,0,38.98,0.05,-10.45,-0.01,2052.01,2.05,6
249,多头进场,2026-09-19 13:44,L,81251.5,1.004646,81628.99447,15.87,0.02,0,38.98,0.05,-10.45,-0.01,2052.01,2.05,6
250,空头出场,2026-09-19 14:29,Trail,81538,1.001947,81641.44701,-55.31,-0.07,0,12.62,0.02,-55.31,-0.07,1996.7,2.00,5
250,空头进场,2026-09-19 14:24,S,81482.8,1.001947,81641.44701,-55.31,-0.07,0,12.62,0.02,-55.31,-0.07,1996.7,2.00,5
251,空头出场,2026-09-19 14:53,Trail,81533.1,1.000739,81597.35592,4,0.00,0,37.13,0.05,-12.91,-0.02,2000.7,2.00,5
251,空头进场,2026-09-19 14:48,S,81537.1,1.000739,81597.35592,4,0.00,0,37.13,0.05,-12.91,-0.02,2000.7,2.00,5
252,空头出场,2026-09-19 15:20,Trail,81657.8,0.999104,81600.52036,15.89,0.02,0,53.45,0.07,0,0.00,2016.59,2.02,1
252,空头进场,2026-09-19 15:19,S,81673.7,0.999104,81600.52036,15.89,0.02,0,53.45,0.07,0,0.00,2016.59,2.02,1
253,空头出场,2026-09-19 16:05,Trail,81517.5,0.999814,81614.61686,112.28,0.14,0,157.67,0.19,-25.1,-0.03,2128.87,2.13,8
253,空头进场,2026-09-19 15:57,S,81629.8,0.999814,81614.61686,112.28,0.14,0,157.67,0.19,-25.1,-0.03,2128.87,2.13,8
254,空头出场,2026-09-19 16:40,Trail,81841.2,0.997928,81702.95997,31.33,0.04,0,66.56,0.08,-11.58,-0.01,2160.2,2.16,4
254,空头进场,2026-09-19 16:36,S,81872.6,0.997928,81702.95997,31.33,0.04,0,66.56,0.08,-11.58,-0.01,2160.2,2.16,4
255,多头出场,2026-09-19 17:08,Trail,81834.4,0.999097,81728.13279,32.37,0.04,0,49.26,0.06,-20.88,-0.03,2192.57,2.19,5
255,多头进场,2026-09-19 17:03,L,81802,0.999097,81728.13279,32.37,0.04,0,49.26,0.06,-20.88,-0.03,2192.57,2.19,5
256,多头出场,2026-09-19 18:02,Trail,81490.2,1.003271,81754.14594,2.61,0.00,0,26.59,0.03,-32.1,-0.04,2195.18,2.20,4
256,多头进场,2026-09-19 17:58,L,81487.6,1.003271,81754.14594,2.61,0.00,0,26.59,0.03,-32.1,-0.04,2195.18,2.20,4
257,空头出场,2026-09-19 18:09,Trail,81447.6,1.002938,81756.09577,69.2,0.08,0,96.98,0.12,-27.68,-0.03,2264.38,2.26,3
257,空头进场,2026-09-19 18:06,S,81516.6,1.002938,81756.09577,69.2,0.08,0,96.98,0.12,-27.68,-0.03,2264.38,2.26,3
258,多头出场,2026-09-19 18:13,Trail,81367.2,1.004562,81811.42882,-73.03,-0.09,0,0.1,0.00,-73.03,-0.09,2191.35,2.19,1
258,多头进场,2026-09-19 18:12,L,81439.9,1.004562,81811.42882,-73.03,-0.09,0,0.1,0.00,-73.03,-0.09,2191.35,2.19,1
259,多头出场,2026-09-19 18:39,Trail,81495.7,1.003806,81753.07244,52.8,0.06,0,88.54,0.11,0,0.00,2244.15,2.24,5
259,多头进场,2026-09-19 18:34,L,81443.1,1.003806,81753.07244,52.8,0.06,0,88.54,0.11,0,0.00,2244.15,2.24,5
260,空头出场,2026-09-19 18:56,Trail,81443.2,1.003666,81795.26617,53.5,0.07,0,83.61,0.10,-20.88,-0.03,2297.65,2.30,14
260,空头进场,2026-09-19 18:42,S,81496.5,1.003666,81795.26617,53.5,0.07,0,83.61,0.10,-20.88,-0.03,2297.65,2.30,14
261,多头出场,2026-09-19 19:17,Trail,81405.2,1.005442,81838.05213,10.15,0.01,0,31.27,0.04,-30.77,-0.04,2307.8,2.31,6
261,多头进场,2026-09-19 19:11,L,81395.1,1.005442,81838.05213,10.15,0.01,0,31.27,0.04,-30.77,-0.04,2307.8,2.31,6
262,空头出场,2026-09-19 19:40,Trail,81371.1,1.00538,81846.27665,37.4,0.05,0,63.84,0.08,-48.96,-0.06,2345.2,2.35,20
262,空头进场,2026-09-19 19:20,S,81408.3,1.00538,81846.27665,37.4,0.05,0,63.84,0.08,-48.96,-0.06,2345.2,2.35,20
263,空头出场,2026-09-19 20:07,Trail,81435.1,1.005948,81876.22021,-43.26,-0.05,0,34.81,0.04,-43.26,-0.05,2301.95,2.30,4
263,空头进场,2026-09-19 20:03,S,81392.1,1.005948,81876.22021,-43.26,-0.05,0,34.81,0.04,-43.26,-0.05,2301.95,2.30,4
264,空头出场,2026-09-19 20:31,Trail,81273.7,1.006203,81841.53341,63.69,0.08,0,84.72,0.10,0,0.00,2365.64,2.37,5
264,空头进场,2026-09-19 20:26,S,81337,1.006203,81841.53341,63.69,0.08,0,84.72,0.10,0,0.00,2365.64,2.37,5
265,多头出场,2026-09-19 20:40,Trail,81263.4,1.007807,81892.38121,5.44,0.01,0,23.68,0.03,-11.69,-0.01,2371.08,2.37,2
265,多头进场,2026-09-19 20:38,L,81258,1.007807,81892.38121,5.44,0.01,0,23.68,0.03,-11.69,-0.01,2371.08,2.37,2
266,多头出场,2026-09-19 21:20,Trail,80973.8,1.010508,81898.23767,-73.56,-0.09,0,0,0.00,-73.56,-0.09,2297.52,2.30,2
266,多头进场,2026-09-19 21:18,L,81046.6,1.010508,81898.23767,-73.56,-0.09,0,0,0.00,-73.56,-0.09,2297.52,2.30,2
267,空头出场,2026-09-19 22:59,Trail,81270.3,1.007377,81837.89715,-31.93,-0.04,0,0,0.00,-31.93,-0.04,2265.58,2.27,1
267,空头进场,2026-09-19 22:58,S,81238.6,1.007377,81837.89715,-31.93,-0.04,0,0,0.00,-31.93,-0.04,2265.58,2.27,1
268,空头出场,2026-09-19 23:05,Trail,81283.5,1.006876,81812.40044,-30,-0.04,0,10.77,0.01,-30,-0.04,2235.58,2.24,3
268,空头进场,2026-09-19 23:02,S,81253.7,1.006876,81812.40044,-30,-0.04,0,10.77,0.01,-30,-0.04,2235.58,2.24,3
269,空头出场,2026-09-19 23:13,Trail,81285,1.006513,81785.92489,-28.48,-0.03,0,12.88,0.02,-28.48,-0.03,2207.09,2.21,5
269,空头进场,2026-09-19 23:08,S,81256.7,1.006513,81785.92489,-28.48,-0.03,0,12.88,0.02,-28.48,-0.03,2207.09,2.21,5
270,空头出场,2026-09-19 23:57,Trail,81279.5,1.005711,81765.61172,21.92,0.03,0,35.6,0.04,-22.83,-0.03,2229.02,2.23,6
270,空头进场,2026-09-19 23:51,S,81301.3,1.005711,81765.61172,21.92,0.03,0,35.6,0.04,-22.83,-0.03,2229.02,2.23,6
271,多头出场,2026-09-20 00:15,Trail,81271.3,1.006721,81783.19522,34.33,0.04,0,54.66,0.07,-27.79,-0.03,2263.35,2.26,12
271,多头进场,2026-09-20 00:03,L,81237.2,1.006721,81783.19522,34.33,0.04,0,54.66,0.07,-27.79,-0.03,2263.35,2.26,12
272,空头出场,2026-09-20 00:32,Trail,81279.6,1.006467,81810.77074,5.54,0.01,0,28.68,0.04,-19.83,-0.02,2268.88,2.27,1
272,空头进场,2026-09-20 00:31,S,81285.1,1.006467,81810.77074,5.54,0.01,0,28.68,0.04,-19.83,-0.02,2268.88,2.27,1
273,空头出场,2026-09-20 01:11,Trail,81188.2,1.006335,81815.0355,112.51,0.14,0,129.52,0.16,-3.42,0.00,2381.39,2.38,9
273,空头进场,2026-09-20 01:02,S,81300,1.006335,81815.0355,112.51,0.14,0,129.52,0.16,-3.42,0.00,2381.39,2.38,9
274,多头出场,2026-09-20 01:40,Trail,81097.1,1.010323,81904.76393,29.5,0.04,0,51.63,0.06,-34.96,-0.04,2410.89,2.41,5
274,多头进场,2026-09-20 01:35,L,81067.9,1.010323,81904.76393,29.5,0.04,0,51.63,0.06,-34.96,-0.04,2410.89,2.41,5
275,多头出场,2026-09-20 01:58,Trail,81099.3,1.010516,81928.79732,23.34,0.03,0,48.3,0.06,-16.67,-0.02,2434.24,2.43,8
275,多头进场,2026-09-20 01:50,L,81076.2,1.010516,81928.79732,23.34,0.03,0,48.3,0.06,-16.67,-0.02,2434.24,2.43,8
276,多头出场,2026-09-20 03:10,Trail,80435.3,1.019638,81948.50999,66.38,0.08,0,161.1,0.20,-1.43,0.00,2500.61,2.50,5
276,多头进场,2026-09-20 03:05,L,80370.2,1.019638,81948.50999,66.38,0.08,0,161.1,0.20,-1.43,0.00,2500.61,2.50,5
277,多头出场,2026-09-20 03:24,Trail,80448.6,1.020434,82000.3415,92.15,0.11,0,175.41,0.21,-4.29,-0.01,2592.76,2.59,5
277,多头进场,2026-09-20 03:19,L,80358.3,1.020434,82000.3415,92.15,0.11,0,175.41,0.21,-4.29,-0.01,2592.76,2.59,5
278,空头出场,2026-09-20 04:13,Trail,80417.3,1.020054,82072.8308,42.84,0.05,0,74.77,0.09,-10,-0.01,2635.6,2.64,6
278,空头进场,2026-09-20 04:07,S,80459.3,1.020054,82072.8308,42.84,0.05,0,74.77,0.09,-10,-0.01,2635.6,2.64,6
279,空头出场,2026-09-20 04:24,Trail,80451,1.021469,82108.53833,-69.66,-0.08,0,33.1,0.04,-69.66,-0.08,2565.94,2.57,4
279,空头进场,2026-09-20 04:20,S,80382.8,1.021469,82108.53833,-69.66,-0.08,0,33.1,0.04,-69.66,-0.08,2565.94,2.57,4
280,多头出场,2026-09-20 04:42,Trail,80433.9,1.019431,82052.67593,-55.86,-0.07,0,0.1,0.00,-55.86,-0.07,2510.07,2.51,3
280,多头进场,2026-09-20 04:39,L,80488.7,1.019431,82052.67593,-55.86,-0.07,0,0.1,0.00,-55.86,-0.07,2510.07,2.51,3
281,空头出场,2026-09-20 05:02,Trail,80453,1.019156,82007.91627,13.76,0.02,0,47.8,0.06,-5.1,-0.01,2523.83,2.52,1
281,空头进场,2026-09-20 05:01,S,80466.5,1.019156,82007.91627,13.76,0.02,0,47.8,0.06,-5.1,-0.01,2523.83,2.52,1
282,多头出场,2026-09-20 05:13,Trail,80619.1,1.019032,82023.10852,130.33,0.16,0,164.27,0.20,-14.37,-0.02,2654.17,2.65,8
282,多头进场,2026-09-20 05:05,L,80491.2,1.019032,82023.10852,130.33,0.16,0,164.27,0.20,-14.37,-0.02,2654.17,2.65,8
283,空头出场,2026-09-20 05:25,Trail,80494.8,1.020221,82122.6894,0.2,0.00,0,39.38,0.05,0,0.00,2654.37,2.65,1
283,空头进场,2026-09-20 05:24,S,80495,1.020221,82122.6894,0.2,0.00,0,39.38,0.05,0,0.00,2654.37,2.65,1
284,空头出场,2026-09-20 05:56,Trail,80489.8,1.01978,82123.39329,41.51,0.05,0,75.57,0.09,-21.21,-0.03,2695.87,2.70,8
284,空头进场,2026-09-20 05:48,S,80530.5,1.01978,82123.39329,41.51,0.05,0,75.57,0.09,-21.21,-0.03,2695.87,2.70,8
285,多头出场,2026-09-20 06:03,Trail,80471.6,1.020227,82156.63581,-57.34,-0.07,0,4.08,0.00,-57.34,-0.07,2638.54,2.64,5
285,多头进场,2026-09-20 05:58,L,80527.8,1.020227,82156.63581,-57.34,-0.07,0,4.08,0.00,-57.34,-0.07,2638.54,2.64,5
286,多头出场,2026-09-20 06:11,Trail,80472,1.020604,82110.85773,19.19,0.02,0,52.77,0.06,-16.74,-0.02,2657.73,2.66,3
286,多头进场,2026-09-20 06:08,L,80453.2,1.020604,82110.85773,19.19,0.02,0,52.77,0.06,-16.74,-0.02,2657.73,2.66,3
287,多头出场,2026-09-20 06:17,Trail,80573.7,1.020007,82126.27161,59.47,0.07,0,94.45,0.12,-13.46,-0.02,2717.19,2.72,3
287,多头进场,2026-09-20 06:14,L,80515.4,1.020007,82126.27161,59.47,0.07,0,94.45,0.12,-13.46,-0.02,2717.19,2.72,3
288,多头出场,2026-09-20 07:10,Trail,80330,1.022981,82173.81317,2.25,0.00,0,44.19,0.05,-28.44,-0.03,2719.44,2.72,12
288,多头进场,2026-09-20 06:58,L,80327.8,1.022981,82173.81317,2.25,0.00,0,44.19,0.05,-28.44,-0.03,2719.44,2.72,12
289,空头出场,2026-09-20 07:32,Trail,80376.6,1.022118,82175.42527,21.06,0.03,0,49.67,0.06,-11.96,-0.01,2740.5,2.74,4
289,空头进场,2026-09-20 07:28,S,80397.2,1.022118,82175.42527,21.06,0.03,0,49.67,0.06,-11.96,-0.01,2740.5,2.74,4
290,多头出场,2026-09-20 07:38,Trail,80310.5,1.022788,82192.36875,-51.75,-0.06,0,3.07,0.00,-51.75,-0.06,2688.74,2.69,3
290,多头进场,2026-09-20 07:35,L,80361.1,1.022788,82192.36875,-51.75,-0.06,0,3.07,0.00,-51.75,-0.06,2688.74,2.69,3
291,多头出场,2026-09-20 07:59,Trail,80301.7,1.022495,82150.92928,-42.84,-0.05,0,16.77,0.02,-42.84,-0.05,2645.9,2.65,2
291,多头进场,2026-09-20 07:57,L,80343.6,1.022495,82150.92928,-42.84,-0.05,0,16.77,0.02,-42.84,-0.05,2645.9,2.65,2
292,多头出场,2026-09-20 08:05,Trail,80421,1.021276,82116.71806,15.32,0.02,0,46.98,0.06,-12.36,-0.02,2661.22,2.66,3
292,多头进场,2026-09-20 08:02,L,80406,1.021276,82116.71806,15.32,0.02,0,46.98,0.06,-12.36,-0.02,2661.22,2.66,3
293,空头出场,2026-09-20 08:44,Trail,80268.4,1.02198,82128.96995,96.27,0.12,0,114.97,0.14,-24.12,-0.03,2757.49,2.76,8
293,空头进场,2026-09-20 08:36,S,80362.6,1.02198,82128.96995,96.27,0.12,0,114.97,0.14,-24.12,-0.03,2757.49,2.76,8
294,多头出场,2026-09-20 10:17,Trail,80424.6,1.022731,82204.66323,48.07,0.06,0,73.94,0.09,-37.43,-0.05,2805.56,2.81,7
294,多头进场,2026-09-20 10:10,L,80377.6,1.022731,82204.66323,48.07,0.06,0,73.94,0.09,-37.43,-0.05,2805.56,2.81,7
295,多头出场,2026-09-20 10:31,Trail,80414.4,1.023475,82244.40405,57.72,0.07,0,84.54,0.10,-18.83,-0.02,2863.28,2.86,7
295,多头进场,2026-09-20 10:24,L,80358,1.023475,82244.40405,57.72,0.07,0,84.54,0.10,-18.83,-0.02,2863.28,2.86,7
296,多头出场,2026-09-20 10:49,Trail,80368.4,1.023994,82290.61543,6.14,0.01,0,30.41,0.04,-35.23,-0.04,2869.43,2.87,6
296,多头进场,2026-09-20 10:43,L,80362.4,1.023994,82290.61543,6.14,0.01,0,30.41,0.04,-35.23,-0.04,2869.43,2.87,6
297,空头出场,2026-09-20 10:57,Trail,80349.2,1.023975,82295.64198,20.07,0.02,0,39.73,0.05,-35.12,-0.04,2889.5,2.89,5
297,空头进场,2026-09-20 10:52,S,80368.8,1.023975,82295.64198,20.07,0.02,0,39.73,0.05,-35.12,-0.04,2889.5,2.89,5
298,多头出场,2026-09-20 11:07,Trail,80399.9,1.02478,82311.55934,80.65,0.10,0,104.12,0.13,-2.46,0.00,2970.15,2.97,1
298,多头进场,2026-09-20 11:06,L,80321.2,1.02478,82311.55934,80.65,0.10,0,104.12,0.13,-2.46,0.00,2970.15,2.97,1
299,空头出场,2026-09-20 11:19,Trail,80337,1.025093,82376.06344,23.17,0.03,0,50.84,0.06,-31.88,-0.04,2993.32,2.99,9
299,空头进场,2026-09-20 11:10,S,80359.6,1.025093,82376.06344,23.17,0.03,0,50.84,0.06,-31.88,-0.04,2993.32,2.99,9
300,空头出场,2026-09-20 11:31,Trail,80420.4,1.025186,82394.60889,-51.26,-0.06,0,18.56,0.02,-51.26,-0.06,2942.06,2.94,7
300,空头进场,2026-09-20 11:24,S,80370.4,1.025186,82394.60889,-51.26,-0.06,0,18.56,0.02,-51.26,-0.06,2942.06,2.94,7
301,空头出场,2026-09-20 12:03,Trail,80455.8,1.023293,82353.59735,23.74,0.03,0,45.95,0.06,-16.88,-0.02,2965.8,2.97,6
301,空头进场,2026-09-20 11:57,S,80479,1.023293,82353.59735,23.74,0.03,0,45.95,0.06,-16.88,-0.02,2965.8,2.97,6
302,空头出场,2026-09-20 12:33,Trail,80355.7,1.023446,82380.44357,140.72,0.17,0,164.67,0.20,-38.89,-0.05,3106.52,3.11,26
302,空头进场,2026-09-20 12:07,S,80493.2,1.023446,82380.44357,140.72,0.17,0,164.67,0.20,-38.89,-0.05,3106.52,3.11,26
303,多头出场,2026-09-20 12:51,Trail,80395.7,1.026419,82485.18632,34.49,0.04,0,51.53,0.06,0,0.00,3141.01,3.14,6
303,多头进场,2026-09-20 12:45,L,80362.1,1.026419,82485.18632,34.49,0.04,0,51.53,0.06,0,0.00,3141.01,3.14,6
304,多头出场,2026-09-20 13:40,Trail,80476.5,1.025494,82512.88803,15.28,0.02,0,39.17,0.05,-16.1,-0.02,3156.29,3.16,3
304,多头进场,2026-09-20 13:37,L,80461.6,1.025494,82512.88803,15.28,0.02,0,39.17,0.05,-16.1,-0.02,3156.29,3.16,3
305,空头出场,2026-09-20 14:53,Trail,80700,1.023377,82528.80544,-57.72,-0.07,0,8.6,0.01,-57.72,-0.07,3098.57,3.10,6
305,空头进场,2026-09-20 14:47,S,80643.6,1.023377,82528.80544,-57.72,-0.07,0,8.6,0.01,-57.72,-0.07,3098.57,3.10,6
306,空头出场,2026-09-20 15:00,Trail,80691.8,1.022132,82478.79526,1.12,0.00,0,30.56,0.04,-0.1,0.00,3099.69,3.10,2
306,空头进场,2026-09-20 14:58,S,80692.9,1.022132,82478.79526,1.12,0.00,0,30.56,0.04,-0.1,0.00,3099.69,3.10,2
307,空头出场,2026-09-20 16:03,Trail,80850.7,1.019306,82479.69326,68.09,0.08,0,104.07,0.13,-15.49,-0.02,3167.78,3.17,3
307,空头进场,2026-09-20 16:00,S,80917.5,1.019306,82479.69326,68.09,0.08,0,104.07,0.13,-15.49,-0.02,3167.78,3.17,3
308,空头出场,2026-09-20 16:12,Trail,81156.9,1.018348,82534.05036,-111.92,-0.14,0,0,0.00,-134.01,-0.16,3055.87,3.06,1
308,空头进场,2026-09-20 16:11,S,81047,1.018348,82534.05036,-111.92,-0.14,0,0,0.00,-134.01,-0.16,3055.87,3.06,1
309,多头出场,2026-09-20 16:29,Trail,81224.4,1.016709,82444.6278,136.95,0.17,0,197.04,0.24,-33.55,-0.04,3192.82,3.19,6
309,多头进场,2026-09-20 16:23,L,81089.7,1.016709,82444.6278,136.95,0.17,0,197.04,0.24,-33.55,-0.04,3192.82,3.19,6
310,空头出场,2026-09-20 16:32,Trail,81179.3,1.016672,82554.17307,21.45,0.03,0,92.42,0.11,0,0.00,3214.27,3.21,1
310,空头进场,2026-09-20 16:31,S,81200.4,1.016672,82554.17307,21.45,0.03,0,92.42,0.11,0,0.00,3214.27,3.21,1
311,空头出场,2026-09-20 16:38,Trail,81433.9,1.015678,82571.4728,-139.15,-0.17,0,0,0.00,-139.15,-0.17,3075.12,3.08,2
311,空头进场,2026-09-20 16:36,S,81296.9,1.015678,82571.4728,-139.15,-0.17,0,0,0.00,-139.15,-0.17,3075.12,3.08,2
312,空头出场,2026-09-20 17:03,Trail,81321.4,1.013972,82459.95474,2.33,0.00,0,68.54,0.08,-20.58,-0.02,3077.45,3.08,4
312,空头进场,2026-09-20 16:59,S,81323.7,1.013972,82459.95474,2.33,0.00,0,68.54,0.08,-20.58,-0.02,3077.45,3.08,4
313,多头出场,2026-09-20 17:23,Trail,81271.3,1.014784,82461.95671,10.86,0.01,0,68.4,0.08,-58.96,-0.07,3088.31,3.09,6
313,多头进场,2026-09-20 17:17,L,81260.6,1.014784,82461.95671,10.86,0.01,0,68.4,0.08,-58.96,-0.07,3088.31,3.09,6
314,多头出场,2026-09-20 17:39,Trail,81343.9,1.015419,82470.60497,127.54,0.15,0,194.15,0.24,-85.7,-0.10,3215.85,3.22,12
314,多头进场,2026-09-20 17:27,L,81218.3,1.015419,82470.60497,127.54,0.15,0,194.15,0.24,-85.7,-0.10,3215.85,3.22,12
315,空头出场,2026-09-20 18:40,Trail,81220.3,1.016049,82566.17384,42.37,0.05,0,78.74,0.10,0,0.00,3258.22,3.26,6
315,空头进场,2026-09-20 18:34,S,81262,1.016049,82566.17384,42.37,0.05,0,78.74,0.10,0,0.00,3258.22,3.26,6
316,空头出场,2026-09-20 19:59,Trail,81186.4,1.017342,82606.54265,12.21,0.01,0,40.29,0.05,-20.86,-0.03,3270.43,3.27,2
316,空头进场,2026-09-20 19:57,S,81198.4,1.017342,82606.54265,12.21,0.01,0,40.29,0.05,-20.86,-0.03,3270.43,3.27,2
317,多头出场,2026-09-20 20:30,Trail,81161.3,1.01722,82616.26879,-57.37,-0.07,0,12.72,0.02,-57.37,-0.07,3213.05,3.21,1
317,多头进场,2026-09-20 20:29,L,81217.7,1.01722,82616.26879,-57.37,-0.07,0,12.72,0.02,-57.37,-0.07,3213.05,3.21,1
318,空头出场,2026-09-20 20:46,Trail,81186,1.017695,82570.37852,-52.21,-0.06,0,0,0.00,-52.21,-0.06,3160.85,3.16,4
318,空头进场,2026-09-20 20:42,S,81134.7,1.017695,82570.37852,-52.21,-0.06,0,0,0.00,-52.21,-0.06,3160.85,3.16,4
319,空头出场,2026-09-20 21:45,Trail,80834.4,1.020172,82528.65025,63.66,0.08,0,99.98,0.12,-11.63,-0.01,3224.51,3.22,4
319,空头进场,2026-09-20 21:41,S,80896.8,1.020172,82528.65025,63.66,0.08,0,99.98,0.12,-11.63,-0.01,3224.51,3.22,4
320,多头出场,2026-09-20 22:01,Trail,80974,1.020629,82579.90889,64.5,0.08,0,100.23,0.12,0,0.00,3289.01,3.29,3
320,多头进场,2026-09-20 21:58,L,80910.8,1.020629,82579.90889,64.5,0.08,0,100.23,0.12,0,0.00,3289.01,3.29,3
321,多头出场,2026-09-20 22:07,Trail,81050.9,1.02123,82627.00444,144.61,0.18,0,195.46,0.24,0,0.00,3433.62,3.43,2
321,多头进场,2026-09-20 22:05,L,80909.3,1.02123,82627.00444,144.61,0.18,0,195.46,0.24,0,0.00,3433.62,3.43,2
322,空头出场,2026-09-20 22:39,Trail,81250.5,1.01965,82746.9427,-100.13,-0.12,0,12.95,0.02,-100.13,-0.12,3333.49,3.33,5
322,空头进场,2026-09-20 22:34,S,81152.3,1.01965,82746.9427,-100.13,-0.12,0,12.95,0.02,-100.13,-0.12,3333.49,3.33,5
323,空头出场,2026-09-20 23:16,Trail,81169.9,1.01785,82666.72345,47.94,0.06,0,89.47,0.11,-50.59,-0.06,3381.43,3.38,4
323,空头进场,2026-09-20 23:12,S,81217,1.01785,82666.72345,47.94,0.06,0,89.47,0.11,-50.59,-0.06,3381.43,3.38,4
324,空头出场,2026-09-20 23:42,Trail,81274.9,1.01871,82705.09193,-90.46,-0.11,0,3.57,0.00,-90.46,-0.11,3290.97,3.29,1
324,空头进场,2026-09-20 23:41,S,81186.1,1.01871,82705.09193,-90.46,-0.11,0,3.57,0.00,-90.46,-0.11,3290.97,3.29,1
325,空头出场,2026-09-21 00:06,Trail,81509.2,1.015319,82632.6506,-125.19,-0.15,0,2.64,0.00,-125.19,-0.15,3165.78,3.17,1
325,空头进场,2026-09-21 00:05,S,81385.9,1.015319,82632.6506,-125.19,-0.15,0,2.64,0.00,-125.19,-0.15,3165.78,3.17,1
326,空头出场,2026-09-21 00:40,Trail,81680.3,1.010345,82532.45615,7.17,0.01,0,92.75,0.11,-72.64,-0.09,3172.95,3.17,6
326,空头进场,2026-09-21 00:34,S,81687.4,1.010345,82532.45615,7.17,0.01,0,92.75,0.11,-72.64,-0.09,3172.95,3.17,6
327,多头出场,2026-09-21 01:22,Trail,81998.6,1.008549,82538.23819,161.37,0.20,0,223.29,0.27,-0.1,0.00,3334.32,3.33,1
327,多头进场,2026-09-21 01:21,L,81838.6,1.008549,82538.23819,161.37,0.20,0,223.29,0.27,-0.1,0.00,3334.32,3.33,1
328,多头出场,2026-09-21 01:59,Trail,81019,1.020646,82677.32717,14.39,0.02,0,117.37,0.14,-150.34,-0.18,3348.71,3.35,5
328,多头进场,2026-09-21 01:54,L,81004.9,1.020646,82677.32717,14.39,0.02,0,117.37,0.14,-150.34,-0.18,3348.71,3.35,5
329,空头出场,2026-09-21 02:33,Trail,81223.8,1.015093,82680.13692,230.43,0.28,0,284.94,0.34,-1.52,0.00,3579.13,3.58,4
329,空头进场,2026-09-21 02:29,S,81450.8,1.015093,82680.13692,230.43,0.28,0,284.94,0.34,-1.52,0.00,3579.13,3.58,4
330,多头出场,2026-09-21 02:54,Trail,81285.8,1.019661,82863.15903,20.8,0.03,0,68.93,0.08,-20.29,-0.02,3599.94,3.60,3
330,多头进场,2026-09-21 02:51,L,81265.4,1.019661,82863.15903,20.8,0.03,0,68.93,0.08,-20.29,-0.02,3599.94,3.60,3
331,多头出场,2026-09-21 03:44,Trail,81462.4,1.016246,82879.94253,-94.1,-0.11,0,10.26,0.01,-94.1,-0.11,3505.83,3.51,12
331,多头进场,2026-09-21 03:32,L,81555,1.016246,82879.94253,-94.1,-0.11,0,10.26,0.01,-94.1,-0.11,3505.83,3.51,12
332,空头出场,2026-09-21 03:56,Trail,81415.4,1.015831,82804.6513,100.36,0.12,0,136.73,0.17,0,0.00,3606.2,3.61,7
332,空头进场,2026-09-21 03:49,S,81514.2,1.015831,82804.6513,100.36,0.12,0,136.73,0.17,0,0.00,3606.2,3.61,7
333,多头出场,2026-09-21 04:40,Trail,81369.1,1.019606,82884.89331,79.53,0.10,0,115.73,0.14,-57.61,-0.07,3685.72,3.69,16
333,多头进场,2026-09-21 04:24,L,81291.1,1.019606,82884.89331,79.53,0.10,0,115.73,0.14,-57.61,-0.07,3685.72,3.69,16
334,多头出场,2026-09-21 06:20,Trail,81806.3,1.015193,82941.57266,107.61,0.13,0,151.97,0.18,0,0.00,3793.34,3.79,3
334,多头进场,2026-09-21 06:17,L,81700.3,1.015193,82941.57266,107.61,0.13,0,151.97,0.18,0,0.00,3793.34,3.79,3
335,空头出场,2026-09-21 06:45,Trail,81444.5,1.015073,83034.69702,362.58,0.44,0,407.75,0.49,-39.99,-0.05,4155.92,4.16,14
335,空头进场,2026-09-21 06:31,S,81801.7,1.015073,83034.69702,362.58,0.44,0,407.75,0.49,-39.99,-0.05,4155.92,4.16,14
336,空头出场,2026-09-21 07:14,Trail,81515,1.020527,83324.80492,136.55,0.16,0,182.98,0.22,0,0.00,4292.47,4.29,9
336,空头进场,2026-09-21 07:05,S,81648.8,1.020527,83324.80492,136.55,0.16,0,182.98,0.22,0,0.00,4292.47,4.29,9
337,多头出场,2026-09-21 07:40,Trail,81549.3,1.023331,83433.91609,18.01,0.02,0,64.98,0.08,-55.57,-0.07,4310.48,4.31,6
337,多头进场,2026-09-21 07:34,L,81531.7,1.023331,83433.91609,18.01,0.02,0,64.98,0.08,-55.57,-0.07,4310.48,4.31,6
338,空头出场,2026-09-21 08:28,Trail,82188.7,1.015295,83448.3144,2.54,0.00,0,71.27,0.09,-28.83,-0.03,4313.01,4.31,1
338,空头进场,2026-09-21 08:27,S,82191.2,1.015295,83448.3144,2.54,0.00,0,71.27,0.09,-28.83,-0.03,4313.01,4.31,1
339,空头出场,2026-09-21 09:25,Trail,84144.2,0.995106,83450.38524,-282.01,-0.34,0,9.06,0.01,-282.01,-0.34,4031,4.03,20
339,空头进场,2026-09-21 09:05,S,83860.8,0.995106,83450.38524,-282.01,-0.34,0,9.06,0.01,-282.01,-0.34,4031,4.03,20
340,空头出场,2026-09-21 10:32,Trail,84447.9,0.983845,83224.72755,141.08,0.17,0,253.83,0.30,-146.2,-0.18,4172.09,4.17,27
340,空头进场,2026-09-21 10:05,S,84591.3,0.983845,83224.72755,141.08,0.17,0,253.83,0.30,-146.2,-0.18,4172.09,4.17,27
341,多头出场,2026-09-21 10:58,Trail,84407.4,0.989854,83337.59,213.41,0.26,0,266.37,0.32,-42.37,-0.05,4385.5,4.39,7
341,多头进场,2026-09-21 10:51,L,84191.8,0.989854,83337.59,213.41,0.26,0,266.37,0.32,-42.37,-0.05,4385.5,4.39,7
342,空头出场,2026-09-21 11:29,Trail,84707,0.987291,83508.03465,-122.42,-0.15,0,21.52,0.03,-122.42,-0.15,4263.07,4.26,9
342,空头进场,2026-09-21 11:20,S,84583,0.987291,83508.03465,-122.42,-0.15,0,21.52,0.03,-122.42,-0.15,4263.07,4.26,9
343,空头出场,2026-09-21 11:41,Trail,84844.6,0.984321,83410.47565,-103.85,-0.12,0,42.13,0.05,-103.85,-0.12,4159.23,4.16,6
343,空头进场,2026-09-21 11:35,S,84739.1,0.984321,83410.47565,-103.85,-0.12,0,42.13,0.05,-103.85,-0.12,4159.23,4.16,6
344,空头出场,2026-09-21 11:58,Trail,84772.4,0.982056,83327.4516,76.21,0.09,0,128.16,0.15,-19.64,-0.02,4235.44,4.24,4
344,空头进场,2026-09-21 11:54,S,84850,0.982056,83327.4516,76.21,0.09,0,128.16,0.15,-19.64,-0.02,4235.44,4.24,4
345,空头出场,2026-09-21 12:44,Trail,85215.1,0.977366,83388.18296,101.84,0.12,0,188.44,0.23,-7.13,-0.01,4337.28,4.34,5
345,空头进场,2026-09-21 12:39,S,85319.3,0.977366,83388.18296,101.84,0.12,0,188.44,0.23,-7.13,-0.01,4337.28,4.34,5
346,空头出场,2026-09-21 13:27,Trail,85077.8,0.981056,83469.91228,3.83,0.00,0,75.15,0.09,-62.59,-0.07,4341.1,4.34,2
346,空头进场,2026-09-21 13:25,S,85081.7,0.981056,83469.91228,3.83,0.00,0,75.15,0.09,-62.59,-0.07,4341.1,4.34,2
347,多头出场,2026-09-21 13:35,Trail,85125.5,0.981659,83474.9804,89.23,0.11,0,189.75,0.23,-13.35,-0.02,4430.34,4.43,1
347,多头进场,2026-09-21 13:34,L,85034.6,0.981659,83474.9804,89.23,0.11,0,189.75,0.23,-13.35,-0.02,4430.34,4.43,1
348,多头出场,2026-09-21 13:48,Trail,85430.3,0.982143,83544.32465,360.45,0.43,0,482.92,0.58,-77.2,-0.09,4790.78,4.79,7
348,多头进场,2026-09-21 13:41,L,85063.3,0.982143,83544.32465,360.45,0.43,0,482.92,0.58,-77.2,-0.09,4790.78,4.79,7
349,多头出场,2026-09-21 14:25,Trail,85651.8,0.981546,83829.81952,241.36,0.29,0,367.2,0.44,-54.87,-0.07,5032.14,5.03,7
349,多头进场,2026-09-21 14:18,L,85405.9,0.981546,83829.81952,241.36,0.29,0,367.2,0.44,-54.87,-0.07,5032.14,5.03,7
350,空头出场,2026-09-21 14:41,Trail,85679,0.978148,84019.5875,212.85,0.25,0,319.46,0.38,0,0.00,5244.99,5.24,2
350,空头进场,2026-09-21 14:39,S,85896.6,0.978148,84019.5875,212.85,0.25,0,319.46,0.38,0,0.00,5244.99,5.24,2
351,空头出场,2026-09-21 14:59,Trail,85839.6,0.978126,84192.19545,230.25,0.27,0,342.05,0.41,-2.64,0.00,5475.24,5.48,4
351,空头进场,2026-09-21 14:55,S,86075,0.978126,84192.19545,230.25,0.27,0,342.05,0.41,-2.64,0.00,5475.24,5.48,4
352,多头出场,2026-09-21 15:09,Trail,86237.4,0.982162,84380.48391,318.61,0.38,0,430.58,0.51,-12.67,-0.02,5793.85,5.79,8
352,多头进场,2026-09-21 15:01,L,85913,0.982162,84380.48391,318.61,0.38,0,430.58,0.51,-12.67,-0.02,5793.85,5.79,8
353,多头出场,2026-09-21 15:24,Trail,85907.7,0.982598,84634.89961,-222.17,-0.26,0,0,0.00,-222.17,-0.26,5571.69,5.57,4
353,多头进场,2026-09-21 15:20,L,86133.8,0.982598,84634.89961,-222.17,-0.26,0,0,0.00,-222.17,-0.26,5571.69,5.57,4
354,空头出场,2026-09-21 17:21,Trail,85828,0.981578,84457.22875,210.35,0.25,0,274.55,0.33,-36.91,-0.04,5782.04,5.78,10
354,空头进场,2026-09-21 17:11,S,86042.3,0.981578,84457.22875,210.35,0.25,0,274.55,0.33,-36.91,-0.04,5782.04,5.78,10
355,多头出场,2026-09-21 19:03,Trail,86028.7,0.984497,84625.59003,69.41,0.08,0,121.29,0.14,-64.88,-0.08,5851.45,5.85,23
355,多头进场,2026-09-21 18:40,L,85958.2,0.984497,84625.59003,69.41,0.08,0,121.29,0.14,-64.88,-0.08,5851.45,5.85,23
356,多头出场,2026-09-21 21:27,Trail,86629,0.977532,84677.14545,5.47,0.01,0,66.86,0.08,-39.1,-0.05,5856.92,5.86,4
356,多头进场,2026-09-21 21:23,L,86623.4,0.977532,84677.14545,5.47,0.01,0,66.86,0.08,-39.1,-0.05,5856.92,5.86,4
357,空头出场,2026-09-21 21:58,Trail,86633.7,0.976115,84684.22339,119.77,0.14,0,168.48,0.20,0,0.00,5976.69,5.98,12
357,空头进场,2026-09-21 21:46,S,86756.4,0.976115,84684.22339,119.77,0.14,0,168.48,0.20,0,0.00,5976.69,5.98,12
358,多头出场,2026-09-21 22:15,Trail,86617.5,0.979106,84781.27809,26.44,0.03,0,71.87,0.08,-12.73,-0.02,6003.13,6.00,2
358,多头进场,2026-09-21 22:13,L,86590.5,0.979106,84781.27809,26.44,0.03,0,71.87,0.08,-12.73,-0.02,6003.13,6.00,2
359,空头出场,2026-09-21 22:50,Trail,86363.1,0.980195,84802.4526,149.77,0.18,0,210.25,0.25,-82.34,-0.10,6152.9,6.15,13
359,空头进场,2026-09-21 22:37,S,86515.9,0.980195,84802.4526,149.77,0.18,0,210.25,0.25,-82.34,-0.10,6152.9,6.15,13
360,多头出场,2026-09-21 22:53,Trail,86355.5,0.984019,84922.21733,53.24,0.06,0,105.78,0.12,-1.38,0.00,6206.14,6.21,1
360,多头进场,2026-09-21 22:52,L,86301.4,0.984019,84922.21733,53.24,0.06,0,105.78,0.12,-1.38,0.00,6206.14,6.21,1
361,多头出场,2026-09-22 00:31,Trail,86443.3,0.98331,84964.86717,35.69,0.04,0,92.23,0.11,-8.46,-0.01,6241.83,6.24,1
361,多头进场,2026-09-22 00:30,L,86407,0.98331,84964.86717,35.69,0.04,0,92.23,0.11,-8.46,-0.01,6241.83,6.24,1
362,空头出场,2026-09-22 00:41,Trail,86212.1,0.982764,84993.46005,267.31,0.31,0,323.03,0.38,-35.67,-0.04,6509.14,6.51,8
362,空头进场,2026-09-22 00:33,S,86484.1,0.982764,84993.46005,267.31,0.31,0,323.03,0.38,-35.67,-0.04,6509.14,6.51,8
363,多头出场,2026-09-22 01:37,Trail,85747.2,0.995164,85208.03152,124.5,0.15,0,221.42,0.26,-49.66,-0.06,6633.64,6.63,15
363,多头进场,2026-09-22 01:22,L,85622.1,0.995164,85208.03152,124.5,0.15,0,221.42,0.26,-49.66,-0.06,6633.64,6.63,15
364,多头出场,2026-09-22 02:09,Trail,85634.1,0.997332,85306.79262,98.84,0.12,0,157.08,0.18,-8.58,-0.01,6732.47,6.73,4
364,多头进场,2026-09-22 02:05,L,85535,0.997332,85306.79262,98.84,0.12,0,157.08,0.18,-8.58,-0.01,6732.47,6.73,4
365,多头出场,2026-09-22 02:17,Trail,85625.3,0.997447,85385.75222,20.95,0.02,0,93.46,0.11,-21.54,-0.03,6753.42,6.75,2
365,多头进场,2026-09-22 02:15,L,85604.3,0.997447,85385.75222,20.95,0.02,0,93.46,0.11,-21.54,-0.03,6753.42,6.75,2
366,多头出场,2026-09-22 02:29,Trail,85794.8,0.997175,85398.36615,154.06,0.18,0,222.67,0.26,0,0.00,6907.48,6.91,5
366,多头进场,2026-09-22 02:24,L,85640.3,0.997175,85398.36615,154.06,0.18,0,222.67,0.26,0,0.00,6907.48,6.91,5
367,空头出场,2026-09-22 02:51,Trail,85769.8,0.996893,85527.93649,24.62,0.03,0,70.68,0.08,-81.35,-0.10,6932.11,6.93,5
367,空头进场,2026-09-22 02:46,S,85794.5,0.996893,85527.93649,24.62,0.03,0,70.68,0.08,-81.35,-0.10,6932.11,6.93,5
368,多头出场,2026-09-22 03:52,Trail,85502.3,1.000896,85539.0744,39.84,0.05,0,96.89,0.11,-19.42,-0.02,6971.94,6.97,9
368,多头进场,2026-09-22 03:43,L,85462.5,1.000896,85539.0744,39.84,0.05,0,96.89,0.11,-19.42,-0.02,6971.94,6.97,9
369,空头出场,2026-09-22 03:56,Trail,85579.6,1.001007,85577.48984,-88.29,-0.10,0,4.3,0.01,-88.29,-0.10,6883.65,6.88,3
369,空头进场,2026-09-22 03:53,S,85491.4,1.001007,85577.48984,-88.29,-0.10,0,4.3,0.01,-88.29,-0.10,6883.65,6.88,3
370,多头出场,2026-09-22 04:47,Trail,85492.9,0.999177,85506.86988,-84.33,-0.10,0,41.67,0.05,-84.33,-0.10,6799.32,6.80,7
370,多头进场,2026-09-22 04:40,L,85577.3,0.999177,85506.86988,-84.33,-0.10,0,41.67,0.05,-84.33,-0.10,6799.32,6.80,7
371,空头出场,2026-09-22 05:01,Trail,85406.1,0.999959,85439.39684,36.8,0.04,0,74.6,0.09,-35.8,-0.04,6836.12,6.84,3
371,空头进场,2026-09-22 04:58,S,85442.9,0.999959,85439.39684,36.8,0.04,0,74.6,0.09,-35.8,-0.04,6836.12,6.84,3
372,空头出场,2026-09-22 06:00,Trail,85439.8,0.999424,85468.84157,78.25,0.09,0,122.63,0.14,-15.69,-0.02,6914.38,6.91,4
372,空头进场,2026-09-22 05:56,S,85518.1,0.999424,85468.84157,78.25,0.09,0,122.63,0.14,-15.69,-0.02,6914.38,6.91,4
373,多头出场,2026-09-22 06:27,Trail,85304.3,1.002945,85531.45048,24.07,0.03,0,69.7,0.08,-23.27,-0.03,6938.45,6.94,5
373,多头进场,2026-09-22 06:22,L,85280.3,1.002945,85531.45048,24.07,0.03,0,69.7,0.08,-23.27,-0.03,6938.45,6.94,5
374,空头出场,2026-09-22 06:59,Trail,85398.8,1.001177,85553.97865,54.66,0.06,0,92.41,0.11,0,0.00,6993.11,6.99,4
374,空头进场,2026-09-22 06:55,S,85453.4,1.001177,85553.97865,54.66,0.06,0,92.41,0.11,0,0.00,6993.11,6.99,4
375,多头出场,2026-09-22 07:08,Trail,85383.9,1.002729,85594.45153,22.46,0.03,0,74.2,0.09,-12.13,-0.01,7015.57,7.02,1
375,多头进场,2026-09-22 07:07,L,85361.5,1.002729,85594.45153,22.46,0.03,0,74.2,0.09,-12.13,-0.01,7015.57,7.02,1
376,空头出场,2026-09-22 08:25,Trail,85494.8,1.001091,85612.40134,24.33,0.03,0,67.57,0.08,-11.81,-0.01,7039.9,7.04,1
376,空头进场,2026-09-22 08:24,S,85519.1,1.001091,85612.40134,24.33,0.03,0,67.57,0.08,-11.81,-0.01,7039.9,7.04,1
377,空头出场,2026-09-22 08:31,Trail,85431.5,1.002096,85631.80886,21.24,0.02,0,70.65,0.08,0,0.00,7061.14,7.06,3
377,空头进场,2026-09-22 08:28,S,85452.7,1.002096,85631.80886,21.24,0.02,0,70.65,0.08,0,0.00,7061.14,7.06,3
378,空头出场,2026-09-22 09:02,Trail,86083.9,0.992653,85648.97953,197.54,0.23,0,280.82,0.33,0,0.00,7258.68,7.26,6
378,空头进场,2026-09-22 08:56,S,86282.9,0.992653,85648.97953,197.54,0.23,0,280.82,0.33,0,0.00,7258.68,7.26,6
379,多头出场,2026-09-22 09:33,Trail,85934.1,0.998677,85806.82718,13.58,0.02,0,78.3,0.09,-10.79,-0.01,7272.26,7.27,2
379,多头进场,2026-09-22 09:31,L,85920.5,0.998677,85806.82718,13.58,0.02,0,78.3,0.09,-10.79,-0.01,7272.26,7.27,2
380,空头出场,2026-09-22 11:53,Trail,85999.5,0.996918,85817.79189,83.34,0.10,0,125.01,0.15,-16.75,-0.02,7355.6,7.36,6
380,空头进场,2026-09-22 11:47,S,86083.1,0.996918,85817.79189,83.34,0.10,0,125.01,0.15,-16.75,-0.02,7355.6,7.36,6
381,空头出场,2026-09-22 12:07,Trail,85996,0.99871,85887.86155,2.8,0.00,0,51.53,0.06,-7.49,-0.01,7358.4,7.36,3
381,空头进场,2026-09-22 12:04,S,85998.8,0.99871,85887.86155,2.8,0.00,0,51.53,0.06,-7.49,-0.01,7358.4,7.36,3
382,多头出场,2026-09-22 12:14,Trail,85989.2,0.999175,85886.7849,31.47,0.04,0,79.03,0.09,0,0.00,7389.88,7.39,2
382,多头进场,2026-09-22 12:12,L,85957.7,0.999175,85886.7849,31.47,0.04,0,79.03,0.09,0,0.00,7389.88,7.39,2
383,空头出场,2026-09-22 12:58,Trail,86065.6,0.999398,85911.84991,-101.94,-0.12,0,34.78,0.04,-101.94,-0.12,7287.94,7.29,5
383,空头进场,2026-09-22 12:53,S,85963.6,0.999398,85911.84991,-101.94,-0.12,0,34.78,0.04,-101.94,-0.12,7287.94,7.29,5
384,多头出场,2026-09-22 13:22,Trail,85935.7,0.997352,85830.31789,-122.18,-0.14,0,9.08,0.01,-122.18,-0.14,7165.76,7.17,7
384,多头进场,2026-09-22 13:15,L,86058.2,0.997352,85830.31789,-122.18,-0.14,0,9.08,0.01,-122.18,-0.14,7165.76,7.17,7
385,空头出场,2026-09-22 14:21,Trail,86156.7,0.993473,85730.95776,136.6,0.16,0,235.45,0.27,-44.11,-0.05,7302.36,7.30,5
385,空头进场,2026-09-22 14:16,S,86294.2,0.993473,85730.95776,136.6,0.16,0,235.45,0.27,-44.11,-0.05,7302.36,7.30,5
386,空头出场,2026-09-22 15:36,Trail,86352.8,0.995928,85845.00989,-156.16,-0.18,0,70.51,0.08,-156.16,-0.18,7146.2,7.15,24
386,空头进场,2026-09-22 15:12,S,86196,0.995928,85845.00989,-156.16,-0.18,0,70.51,0.08,-156.16,-0.18,7146.2,7.15,24
387,空头出场,2026-09-22 16:12,Trail,86261.8,0.992195,85716.91668,128.39,0.15,0,205.29,0.24,-51.89,-0.06,7274.59,7.27,5
387,空头进场,2026-09-22 16:07,S,86391.2,0.992195,85716.91668,128.39,0.15,0,205.29,0.24,-51.89,-0.06,7274.59,7.27,5
388,多头出场,2026-09-22 16:42,Trail,86210.9,0.996304,85819.73358,72.53,0.08,0,143.97,0.17,-62.27,-0.07,7347.12,7.35,11
388,多头进场,2026-09-22 16:31,L,86138.1,0.996304,85819.73358,72.53,0.08,0,143.97,0.17,-62.27,-0.07,7347.12,7.35,11
389,多头出场,2026-09-22 16:52,Trail,86504.1,0.993369,85877.54475,52.95,0.06,0,144.14,0.17,-3.68,0.00,7400.07,7.40,1
389,多头进场,2026-09-22 16:51,L,86450.8,0.993369,85877.54475,52.95,0.06,0,144.14,0.17,-3.68,0.00,7400.07,7.40,1
390,空头出场,2026-09-22 18:24,Trail,86536.9,0.99174,85919.98994,97.88,0.11,0,158.48,0.18,-11.8,-0.01,7497.95,7.50,7
390,空头进场,2026-09-22 18:17,S,86635.6,0.99174,85919.98994,97.88,0.11,0,158.48,0.18,-11.8,-0.01,7497.95,7.50,7
391,空头出场,2026-09-22 19:01,Trail,86502.8,0.993812,85997.83194,30.31,0.04,0,77.12,0.09,0,0.00,7528.27,7.53,3
391,空头进场,2026-09-22 18:58,S,86533.3,0.993812,85997.83194,30.31,0.04,0,77.12,0.09,0,0.00,7528.27,7.53,3
392,多头出场,2026-09-22 19:32,Trail,86454.3,0.993968,86027.03583,-94.23,-0.11,0,41.55,0.05,-94.23,-0.11,7434.04,7.43,6
392,多头进场,2026-09-22 19:26,L,86549.1,0.993968,86027.03583,-94.23,-0.11,0,41.55,0.05,-94.23,-0.11,7434.04,7.43,6
393,多头出场,2026-09-22 19:53,Trail,86222.5,0.995468,85945.52162,-113.78,-0.13,0,0,0.00,-113.78,-0.13,7320.26,7.32,3
393,多头进场,2026-09-22 19:50,L,86336.8,0.995468,85945.52162,-113.78,-0.13,0,0,0.00,-113.78,-0.13,7320.26,7.32,3
394,多头出场,2026-09-22 20:30,Trail,86333.6,0.995736,85856.24129,109.23,0.13,0,156.03,0.18,-23.4,-0.03,7429.49,7.43,16
394,多头进场,2026-09-22 20:14,L,86223.9,0.995736,85856.24129,109.23,0.13,0,156.03,0.18,-23.4,-0.03,7429.49,7.43,16
395,多头出场,2026-09-22 21:03,Trail,86326.1,0.995678,85943.34052,9.66,0.01,0,38.23,0.04,-4.78,-0.01,7439.15,7.44,1
395,多头进场,2026-09-22 21:02,L,86316.4,0.995678,85943.34052,9.66,0.01,0,38.23,0.04,-4.78,-0.01,7439.15,7.44,1
396,多头出场,2026-09-22 21:10,Trail,86239.1,0.995896,85951.30223,-66.13,-0.08,0,23.2,0.03,-66.13,-0.08,7373.02,7.37,1
396,多头进场,2026-09-22 21:09,L,86305.5,0.995896,85951.30223,-66.13,-0.08,0,23.2,0.03,-66.13,-0.08,7373.02,7.37,1
397,多头出场,2026-09-22 21:32,Trail,86264,0.996057,85899.55726,24.3,0.03,0,59.07,0.07,-16.63,-0.02,7397.32,7.40,19
397,多头进场,2026-09-22 21:13,L,86239.6,0.996057,85899.55726,24.3,0.03,0,59.07,0.07,-16.63,-0.02,7397.32,7.40,19
398,空头出场,2026-09-22 22:00,Trail,86210,0.996177,85919.46931,39.05,0.05,0,61.96,0.07,-35.07,-0.04,7436.37,7.44,6
398,空头进场,2026-09-22 21:54,S,86249.2,0.996177,85919.46931,39.05,0.05,0,61.96,0.07,-35.07,-0.04,7436.37,7.44,6
399,空头出场,2026-09-22 22:05,Trail,86146.5,0.997393,85949.1449,27.23,0.03,0,106.12,0.12,0,0.00,7463.6,7.46,1
399,空头进场,2026-09-22 22:04,S,86173.8,0.997393,85949.1449,27.23,0.03,0,106.12,0.12,0,0.00,7463.6,7.46,1
400,多头出场,2026-09-22 22:36,Trail,86219,0.997483,85970.96506,31.02,0.04,0,68.43,0.08,-22.74,-0.03,7494.62,7.49,5
400,多头进场,2026-09-22 22:31,L,86187.9,0.997483,85970.96506,31.02,0.04,0,68.43,0.08,-22.74,-0.03,7494.62,7.49,5
401,空头出场,2026-09-22 22:41,Trail,86259.3,0.997734,85995.59142,-68.24,-0.08,0,9.48,0.01,-68.24,-0.08,7426.38,7.43,3
401,空头进场,2026-09-22 22:38,S,86190.9,0.997734,85995.59142,-68.24,-0.08,0,9.48,0.01,-68.24,-0.08,7426.38,7.43,3
402,空头出场,2026-09-22 22:51,Trail,86208.1,0.996677,85941.16535,19.53,0.02,0,53.22,0.06,-59.4,-0.07,7445.91,7.45,6
402,空头进场,2026-09-22 22:45,S,86227.7,0.996677,85941.16535,19.53,0.02,0,53.22,0.06,-59.4,-0.07,7445.91,7.45,6
403,多头出场,2026-09-22 23:49,Trail,86172.6,0.997589,85955.95932,8.88,0.01,0,57.96,0.07,-71.33,-0.08,7454.79,7.45,8
403,多头进场,2026-09-22 23:41,L,86163.7,0.997589,85955.95932,8.88,0.01,0,57.96,0.07,-71.33,-0.08,7454.79,7.45,8
404,多头出场,2026-09-23 00:04,Trail,86222.2,0.997142,85963.81125,11.97,0.01,0,52.15,0.06,0,0.00,7466.76,7.47,1
404,多头进场,2026-09-23 00:03,L,86210.2,0.997142,85963.81125,11.97,0.01,0,52.15,0.06,0,0.00,7466.76,7.47,1
405,空头出场,2026-09-23 00:08,Trail,86202.5,0.996856,85973.44698,41.97,0.05,0,103.57,0.12,0,0.00,7508.72,7.51,1
405,空头进场,2026-09-23 00:07,S,86244.6,0.996856,85973.44698,41.97,0.05,0,103.57,0.12,0,0.00,7508.72,7.51,1
406,空头出场,2026-09-23 00:39,Trail,86503,0.993895,86006.40566,31.51,0.04,0,76.03,0.09,-38.56,-0.04,7540.23,7.54,5
406,空头进场,2026-09-23 00:34,S,86534.7,0.993895,86006.40566,31.51,0.04,0,76.03,0.09,-38.56,-0.04,7540.23,7.54,5
407,空头出场,2026-09-23 00:41,Trail,86579,0.994853,86032.20134,-101.18,-0.12,0,0,0.00,-101.18,-0.12,7439.05,7.44,1
407,空头进场,2026-09-23 00:40,S,86477.3,0.994853,86032.20134,-101.18,-0.12,0,0,0.00,-101.18,-0.12,7439.05,7.44,1
408,空头出场,2026-09-23 01:02,Trail,86547.3,0.994345,85951.08237,-106.79,-0.12,0,15.41,0.02,-106.79,-0.12,7332.26,7.33,18
408,空头进场,2026-09-23 00:44,S,86439.9,0.994345,85951.08237,-106.79,-0.12,0,15.41,0.02,-106.79,-0.12,7332.26,7.33,18
409,多头出场,2026-09-23 02:23,Trail,86581.7,0.994255,85870.32446,213.96,0.25,0,265.17,0.31,-54.49,-0.06,7546.23,7.55,13
409,多头进场,2026-09-23 02:10,L,86366.5,0.994255,85870.32446,213.96,0.25,0,265.17,0.31,-54.49,-0.06,7546.23,7.55,13
410,空头出场,2026-09-23 02:45,Trail,86521.5,0.993603,86036.87865,68.86,0.08,0,120.92,0.14,-24.24,-0.03,7615.08,7.62,21
410,空头进场,2026-09-23 02:24,S,86590.8,0.993603,86036.87865,68.86,0.08,0,120.92,0.14,-24.24,-0.03,7615.08,7.62,21
411,多头出场,2026-09-23 03:01,Trail,86521.4,0.995443,86091.8833,35.24,0.04,0,69.08,0.08,-28.27,-0.03,7650.32,7.65,7
411,多头进场,2026-09-23 02:54,L,86486,0.995443,86091.8833,35.24,0.04,0,69.08,0.08,-28.27,-0.03,7650.32,7.65,7
412,多头出场,2026-09-23 03:12,Trail,86481,0.996026,86120.09326,17.23,0.02,0,45.62,0.05,-28.79,-0.03,7667.55,7.67,6
412,多头进场,2026-09-23 03:06,L,86463.7,0.996026,86120.09326,17.23,0.02,0,45.62,0.05,-28.79,-0.03,7667.55,7.67,6
413,空头出场,2026-09-23 03:20,Trail,86597.5,0.995264,86134.02809,-53.35,-0.06,0,0,0.00,-53.35,-0.06,7614.21,7.61,2
413,空头进场,2026-09-23 03:18,S,86543.9,0.995264,86134.02809,-53.35,-0.06,0,0,0.00,-53.35,-0.06,7614.21,7.61,2
414,空头出场,2026-09-23 03:44,Trail,86868.3,0.990657,86091.36247,34.67,0.04,0,86.29,0.10,-12.58,-0.01,7648.88,7.65,1
414,空头进场,2026-09-23 03:43,S,86903.3,0.990657,86091.36247,34.67,0.04,0,86.29,0.10,-12.58,-0.01,7648.88,7.65,1
415,多头出场,2026-09-23 04:13,Trail,86877.2,0.992781,86118.0929,131.94,0.15,0,167.48,0.19,-3.67,0.00,7780.82,7.78,4
415,多头进场,2026-09-23 04:09,L,86744.3,0.992781,86118.0929,131.94,0.15,0,167.48,0.19,-3.67,0.00,7780.82,7.78,4
416,空头出场,2026-09-23 05:04,Trail,86978.5,0.989327,86224.59682,174.42,0.20,0,244.07,0.28,-75.09,-0.09,7955.24,7.96,25
416,空头进场,2026-09-23 04:39,S,87154.8,0.989327,86224.59682,174.42,0.20,0,244.07,0.28,-75.09,-0.09,7955.24,7.96,25
417,多头出场,2026-09-23 05:49,Trail,86707.5,0.994839,86364.16224,-104.16,-0.12,0,52.73,0.06,-104.16,-0.12,7851.08,7.85,24
417,多头进场,2026-09-23 05:25,L,86812.2,0.994839,86364.16224,-104.16,-0.12,0,52.73,0.06,-104.16,-0.12,7851.08,7.85,24
418,空头出场,2026-09-23 07:02,Trail,86358.1,0.998087,86280.72861,87.83,0.10,0,121.87,0.14,0,0.00,7938.91,7.94,1
418,空头进场,2026-09-23 07:01,S,86446.1,0.998087,86280.72861,87.83,0.10,0,121.87,0.14,0,0.00,7938.91,7.94,1
419,多头出场,2026-09-23 07:26,Trail,86339.3,0.999057,86355.09029,-97.21,-0.11,0,20.18,0.02,-97.21,-0.11,7841.7,7.84,17
419,多头进场,2026-09-23 07:09,L,86436.6,0.999057,86355.09029,-97.21,-0.11,0,20.18,0.02,-97.21,-0.11,7841.7,7.84,17
420,多头出场,2026-09-23 08:05,Trail,86128.7,1.000372,86273.38176,-112.64,-0.13,0,16.41,0.02,-112.64,-0.13,7729.06,7.73,3
420,多头进场,2026-09-23 08:02,L,86241.3,1.000372,86273.38176,-112.64,-0.13,0,16.41,0.02,-112.64,-0.13,7729.06,7.73,3
421,多头出场,2026-09-23 08:23,Trail,86228,0.999956,86183.20777,41,0.05,0,92.9,0.11,-37,-0.04,7770.06,7.77,14
421,多头进场,2026-09-23 08:09,L,86187,0.999956,86183.20777,41,0.05,0,92.9,0.11,-37,-0.04,7770.06,7.77,14
422,空头出场,2026-09-23 08:46,Trail,86084.3,1.000379,86215.76339,98.84,0.11,0,134.75,0.16,-2.4,0.00,7868.9,7.87,4
422,空头进场,2026-09-23 08:42,S,86183.1,1.000379,86215.76339,98.84,0.11,0,134.75,0.16,-2.4,0.00,7868.9,7.87,4
423,空头出场,2026-09-23 09:30,Trail,85916,1.003622,86291.11847,63.93,0.07,0,104.38,0.12,0,0.00,7932.83,7.93,2
423,空头进场,2026-09-23 09:28,S,85979.7,1.003622,86291.11847,63.93,0.07,0,104.38,0.12,0,0.00,7932.83,7.93,2
424,多头出场,2026-09-23 10:18,Trail,85815.4,1.005189,86346.23769,-85.54,-0.10,0,37.59,0.04,-85.54,-0.10,7847.28,7.85,21
424,多头进场,2026-09-23 09:57,L,85900.5,1.005189,86346.23769,-85.54,-0.10,0,37.59,0.04,-85.54,-0.10,7847.28,7.85,21
425,空头出场,2026-09-23 10:37,Trail,85856.3,1.005987,86281.29182,-89.03,-0.10,0,27.77,0.03,-89.03,-0.10,7758.25,7.76,4
425,空头进场,2026-09-23 10:33,S,85767.8,1.005987,86281.29182,-89.03,-0.10,0,27.77,0.03,-89.03,-0.10,7758.25,7.76,4
426,空头出场,2026-09-23 11:13,Trail,85740.7,1.004333,86206.52132,94.31,0.11,0,132.07,0.15,-66.19,-0.08,7852.56,7.85,9
426,空头进场,2026-09-23 11:04,S,85834.6,1.004333,86206.52132,94.31,0.11,0,132.07,0.15,-66.19,-0.08,7852.56,7.85,9
427,多头出场,2026-09-23 11:48,Trail,85587.6,1.009278,86282.06601,99.62,0.12,0,142.71,0.17,-5.55,-0.01,7952.18,7.95,4
427,多头进场,2026-09-23 11:44,L,85488.9,1.009278,86282.06601,99.62,0.12,0,142.71,0.17,-5.55,-0.01,7952.18,7.95,4
428,空头出场,2026-09-23 12:05,Trail,85518,1.008783,86361.71087,92.61,0.11,0,131.75,0.15,-0.1,0.00,8044.78,8.04,2
428,空头进场,2026-09-23 12:03,S,85609.8,1.008783,86361.71087,92.61,0.11,0,131.75,0.15,-0.1,0.00,8044.78,8.04,2
429,空头出场,2026-09-23 12:15,Trail,85498.1,1.01056,86438.55277,37.59,0.04,0,80.44,0.09,-12.63,-0.01,8082.38,8.08,3
429,空头进场,2026-09-23 12:12,S,85535.3,1.01056,86438.55277,37.59,0.04,0,80.44,0.09,-12.63,-0.01,8082.38,8.08,3
430,空头出场,2026-09-23 12:53,Trail,85442.2,1.011676,86464.81152,24.99,0.03,0,63.03,0.07,0,0.00,8107.36,8.11,2
430,空头进场,2026-09-23 12:51,S,85466.9,1.011676,86464.81152,24.99,0.03,0,63.03,0.07,0,0.00,8107.36,8.11,2
431,空头出场,2026-09-23 13:15,Trail,85396,1.012652,86485.84786,9.42,0.01,0,59.65,0.07,-14.89,-0.02,8116.78,8.12,2
431,空头进场,2026-09-23 13:13,S,85405.3,1.012652,86485.84786,9.42,0.01,0,59.65,0.07,-14.89,-0.02,8116.78,8.12,2
432,空头出场,2026-09-23 14:10,Trail,85017,1.008105,86493.39279,787.33,0.91,0,872.01,1.01,-148.8,-0.17,8904.11,8.90,10
432,空头进场,2026-09-23 14:00,S,85798,1.008105,86493.39279,787.33,0.91,0,872.01,1.01,-148.8,-0.17,8904.11,8.90,10
433,多头出场,2026-09-23 14:38,Trail,84330.6,1.035106,87123.11234,168,0.19,0,349.24,0.40,0,0.00,9072.11,9.07,4
433,多头进场,2026-09-23 14:34,L,84168.3,1.035106,87123.11234,168,0.19,0,349.24,0.40,0,0.00,9072.11,9.07,4
434,多头出场,2026-09-23 14:52,Trail,84390.9,1.034154,87257.67449,15.51,0.02,0,150.68,0.17,-176.32,-0.20,9087.62,9.09,6
434,多头进场,2026-09-23 14:46,L,84375.9,1.034154,87257.67449,15.51,0.02,0,150.68,0.17,-176.32,-0.20,9087.62,9.09,6
435,空头出场,2026-09-23 15:15,Trail,84746.5,1.032979,87270.19784,-271.16,-0.31,0,63.53,0.07,-271.16,-0.31,8816.47,8.82,21
435,空头进场,2026-09-23 14:54,S,84484,1.032979,87270.19784,-271.16,-0.31,0,63.53,0.07,-271.16,-0.31,8816.47,8.82,21
436,空头出场,2026-09-23 15:34,Trail,84465.6,1.029016,87049.71142,133.26,0.15,0,223.09,0.26,-87.98,-0.10,8949.72,8.95,15
436,空头进场,2026-09-23 15:19,S,84595.1,1.029016,87049.71142,133.26,0.15,0,223.09,0.26,-87.98,-0.10,8949.72,8.95,15
437,多头出场,2026-09-23 15:43,Trail,84357.1,1.033453,87159.7725,19.33,0.02,0,94.35,0.11,-46.92,-0.05,8969.05,8.97,3
437,多头进场,2026-09-23 15:40,L,84338.4,1.033453,87159.7725,19.33,0.02,0,94.35,0.11,-46.92,-0.05,8969.05,8.97,3
438,多头出场,2026-09-23 15:53,Trail,84132.8,1.034556,87175.10259,-135.01,-0.15,0,32.8,0.04,-135.01,-0.15,8834.04,8.83,3
438,多头进场,2026-09-23 15:50,L,84263.3,1.034556,87175.10259,-135.01,-0.15,0,32.8,0.04,-135.01,-0.15,8834.04,8.83,3
439,空头出场,2026-09-23 16:36,Trail,84205.8,1.033331,87073.74005,61.28,0.07,0,137.85,0.16,-15.6,-0.02,8895.32,8.90,3
439,空头进场,2026-09-23 16:33,S,84265.1,1.033331,87073.74005,61.28,0.07,0,137.85,0.16,-15.6,-0.02,8895.32,8.90,3
440,多头出场,2026-09-23 18:00,Trail,84289,1.033629,87116.31938,7.24,0.01,0,60.88,0.07,-1.96,0.00,8902.55,8.90,2
440,多头进场,2026-09-23 17:58,L,84282,1.033629,87116.31938,7.24,0.01,0,60.88,0.07,-1.96,0.00,8902.55,8.90,2
441,多头出场,2026-09-23 18:46,Trail,84207.1,1.034945,87121.98058,27.74,0.03,0,77.1,0.09,-50.09,-0.06,8930.29,8.93,20
441,多头进场,2026-09-23 18:26,L,84180.3,1.034945,87121.98058,27.74,0.03,0,77.1,0.09,-50.09,-0.06,8930.29,8.93,20
442,空头出场,2026-09-23 19:23,Trail,84412.1,1.033553,87144.12455,-100.25,-0.12,0,17.26,0.02,-100.25,-0.12,8830.03,8.83,13
442,空头进场,2026-09-23 19:10,S,84315.1,1.033553,87144.12455,-100.25,-0.12,0,17.26,0.02,-100.25,-0.12,8830.03,8.83,13
443,空头出场,2026-09-23 19:49,Trail,84520.5,1.031139,87066.38686,-86,-0.10,0,25.26,0.03,-86,-0.10,8744.04,8.74,16
443,空头进场,2026-09-23 19:33,S,84437.1,1.031139,87066.38686,-86,-0.10,0,25.26,0.03,-86,-0.10,8744.04,8.74,16
444,空头出场,2026-09-23 19:53,Trail,84488.6,1.029144,86995.18895,44.25,0.05,0,82.64,0.09,-0.1,0.00,8788.29,8.79,1
444,空头进场,2026-09-23 19:52,S,84531.6,1.029144,86995.18895,44.25,0.05,0,82.64,0.09,-0.1,0.00,8788.29,8.79,1
445,空头出场,2026-09-23 20:29,Trail,84309.2,1.031799,87030.59477,40.45,0.05,0,93.79,0.11,-86.16,-0.10,8828.74,8.83,25
445,空头进场,2026-09-23 20:04,S,84348.4,1.031799,87030.59477,40.45,0.05,0,93.79,0.11,-86.16,-0.10,8828.74,8.83,25
446,多头出场,2026-09-23 20:32,Trail,84336,1.032612,87063.75143,22.61,0.03,0,59.07,0.07,0,0.00,8851.35,8.85,2
446,多头进场,2026-09-23 20:30,L,84314.1,1.032612,87063.75143,22.61,0.03,0,59.07,0.07,0,0.00,8851.35,8.85,2
447,空头出场,2026-09-23 21:06,Trail,84282.7,1.032993,87081.1033,17.66,0.02,0,54.96,0.06,-13.33,-0.02,8869.01,8.87,1
447,空头进场,2026-09-23 21:05,S,84299.8,1.032993,87081.1033,17.66,0.02,0,54.96,0.06,-13.33,-0.02,8869.01,8.87,1
448,多头出场,2026-09-23 21:26,Trail,84392.1,1.032549,87095.30164,43.68,0.05,0,73.93,0.08,-0.1,0.00,8912.69,8.91,3
448,多头进场,2026-09-23 21:23,L,84349.8,1.032549,87095.30164,43.68,0.05,0,73.93,0.08,-0.1,0.00,8912.69,8.91,3
449,空头出场,2026-09-23 21:35,Trail,84464.7,1.032183,87130.17967,-52.85,-0.06,0,0,0.00,-52.85,-0.06,8859.84,8.86,6
449,空头进场,2026-09-23 21:29,S,84413.5,1.032183,87130.17967,-52.85,-0.06,0,0,0.00,-52.85,-0.06,8859.84,8.86,6
450,空头出场,2026-09-23 21:56,Trail,84457.4,1.031073,87087.82812,6.08,0.01,0,27.63,0.03,-7.42,-0.01,8865.93,8.87,7
450,空头进场,2026-09-23 21:49,S,84463.3,1.031073,87087.82812,6.08,0.01,0,27.63,0.03,-7.42,-0.01,8865.93,8.87,7
451,多头出场,2026-09-23 23:31,Trail,84499.4,1.031221,87092.69765,44.86,0.05,0,63.83,0.07,-1.34,0.00,8910.78,8.91,6
451,多头进场,2026-09-23 23:25,L,84455.9,1.031221,87092.69765,44.86,0.05,0,63.83,0.07,-1.34,0.00,8910.78,8.91,6
452,多头出场,2026-09-24 00:34,Trail,84359.6,1.031914,87128.62668,-76.77,-0.09,0,4.64,0.01,-76.77,-0.09,8834.01,8.83,1
452,多头进场,2026-09-24 00:33,L,84434,1.031914,87128.62668,-76.77,-0.09,0,4.64,0.01,-76.77,-0.09,8834.01,8.83,1
453,多头出场,2026-09-24 00:57,Trail,84333.6,1.033312,87067.17911,75.74,0.09,0,117.8,0.14,-16.84,-0.02,8909.75,8.91,1
453,多头进场,2026-09-24 00:56,L,84260.3,1.033312,87067.17911,75.74,0.09,0,117.8,0.14,-16.84,-0.02,8909.75,8.91,1
454,空头出场,2026-09-24 01:24,Trail,84313.7,1.034501,87127.74322,-94.86,-0.11,0,0.1,0.00,-94.86,-0.11,8814.89,8.81,1
454,空头进场,2026-09-24 01:23,S,84222,1.034501,87127.74322,-94.86,-0.11,0,0.1,0.00,-94.86,-0.11,8814.89,8.81,1
455,多头出场,2026-09-24 01:37,Trail,84423.5,1.032943,87051.89109,152.77,0.18,0,202.35,0.23,-77.06,-0.09,8967.66,8.97,8
455,多头进场,2026-09-24 01:29,L,84275.6,1.032943,87051.89109,152.77,0.18,0,202.35,0.23,-77.06,-0.09,8967.66,8.97,8
456,多头出场,2026-09-24 02:07,Trail,83903.6,1.037634,87174.12266,-112.89,-0.13,0,20.13,0.02,-112.89,-0.13,8854.77,8.85,3
456,多头进场,2026-09-24 02:04,L,84012.4,1.037634,87174.12266,-112.89,-0.13,0,20.13,0.02,-112.89,-0.13,8854.77,8.85,3
457,空头出场,2026-09-24 02:40,Trail,84298.6,1.034447,87083.7828,-118.65,-0.14,0,22.65,0.03,-118.65,-0.14,8736.11,8.74,4
457,空头进场,2026-09-24 02:36,S,84183.9,1.034447,87083.7828,-118.65,-0.14,0,22.65,0.03,-118.65,-0.14,8736.11,8.74,4
458,空头出场,2026-09-24 03:01,Trail,84414.3,1.031271,86988.84325,-65.18,-0.07,0,1.13,0.00,-65.18,-0.07,8670.94,8.67,4
458,空头进场,2026-09-24 02:57,S,84351.1,1.031271,86988.84325,-65.18,-0.07,0,1.13,0.00,-65.18,-0.07,8670.94,8.67,4
459,空头出场,2026-09-24 03:09,Trail,84340.2,1.029762,86938.37768,88.04,0.10,0,122.95,0.14,-6.49,-0.01,8758.98,8.76,3
459,空头进场,2026-09-24 03:06,S,84425.7,1.029762,86938.37768,88.04,0.10,0,122.95,0.14,-6.49,-0.01,8758.98,8.76,3
460,多头出场,2026-09-24 03:46,Trail,83983.6,1.03604,87007.15722,3.21,0.00,0,49,0.06,-24.55,-0.03,8762.19,8.76,5
460,多头进场,2026-09-24 03:41,L,83980.5,1.03604,87007.15722,3.21,0.00,0,49,0.06,-24.55,-0.03,8762.19,8.76,5
461,多头出场,2026-09-24 04:30,Trail,83903.8,1.037292,87006.91194,25.83,0.03,0,75.72,0.09,-97.71,-0.11,8788.02,8.79,14
461,多头进场,2026-09-24 04:16,L,83878.9,1.037292,87006.91194,25.83,0.03,0,75.72,0.09,-97.71,-0.11,8788.02,8.79,14
462,空头出场,2026-09-24 05:35,Trail,84135.2,1.033697,87030.36163,60.06,0.07,0,95.72,0.11,-6.93,-0.01,8848.08,8.85,6
462,空头进场,2026-09-24 05:29,S,84193.3,1.033697,87030.36163,60.06,0.07,0,95.72,0.11,-6.93,-0.01,8848.08,8.85,6
463,多头出场,2026-09-24 05:41,Trail,84223.4,1.034528,87078.70463,52.76,0.06,0,90.83,0.10,-3.52,0.00,8900.84,8.90,1
463,多头进场,2026-09-24 05:40,L,84172.4,1.034528,87078.70463,52.76,0.06,0,90.83,0.10,-3.52,0.00,8900.84,8.90,1
464,多头出场,2026-09-24 05:57,Trail,84072.6,1.035294,87120.61128,-80.75,-0.09,0,0,0.00,-80.75,-0.09,8820.09,8.82,2
464,多头进场,2026-09-24 05:55,L,84150.6,1.035294,87120.61128,-80.75,-0.09,0,0,0.00,-80.75,-0.09,8820.09,8.82,2
465,空头出场,2026-09-24 06:47,Trail,84135.9,1.034077,87055.32336,52.32,0.06,0,103.82,0.12,-37.23,-0.04,8872.41,8.87,13
465,空头进场,2026-09-24 06:34,S,84186.5,1.034077,87055.32336,52.32,0.06,0,103.82,0.12,-37.23,-0.04,8872.41,8.87,13
466,多头出场,2026-09-24 08:08,Trail,84574.8,1.030249,87097.86861,35.23,0.04,0,90.15,0.10,-4.43,-0.01,8907.65,8.91,4
466,多头进场,2026-09-24 08:04,L,84540.6,1.030249,87097.86861,35.23,0.04,0,90.15,0.10,-4.43,-0.01,8907.65,8.91,4
467,空头出场,2026-09-24 08:16,Trail,84394.4,1.031044,87126.10492,111.77,0.13,0,165.48,0.19,0,0.00,9019.41,9.02,5
467,空头进场,2026-09-24 08:11,S,84502.8,1.031044,87126.10492,111.77,0.13,0,165.48,0.19,0,0.00,9019.41,9.02,5
468,多头出场,2026-09-24 08:46,Trail,83695.3,1.039813,87210.46807,-183.01,-0.21,0,9.05,0.01,-183.01,-0.21,8836.41,8.84,8
468,多头进场,2026-09-24 08:38,L,83871.3,1.039813,87210.46807,-183.01,-0.21,0,9.05,0.01,-183.01,-0.21,8836.41,8.84,8
469,多头出场,2026-09-24 09:02,Trail,83651.1,1.042898,87069.05106,170.51,0.20,0,273.55,0.31,-62.89,-0.07,9006.92,9.01,10
469,多头进场,2026-09-24 08:52,L,83487.6,1.042898,87069.05106,170.51,0.20,0,273.55,0.31,-62.89,-0.07,9006.92,9.01,10
470,多头出场,2026-09-24 10:12,Trail,83321.7,1.046789,87196.47691,23.76,0.03,0,97.67,0.11,-37.48,-0.04,9030.68,9.03,2
470,多头进场,2026-09-24 10:10,L,83299,1.046789,87196.47691,23.76,0.03,0,97.67,0.11,-37.48,-0.04,9030.68,9.03,2
471,空头出场,2026-09-24 10:16,Trail,83333.4,1.048645,87224.5084,-162.64,-0.19,0,0,0.00,-162.64,-0.19,8868.04,8.87,2
471,空头进场,2026-09-24 10:14,S,83178.3,1.048645,87224.5084,-162.64,-0.19,0,0,0.00,-162.64,-0.19,8868.04,8.87,2
472,多头出场,2026-09-24 10:46,Trail,83380.9,1.046359,87100.91124,145.44,0.17,0,211.89,0.24,-3.77,0.00,9013.48,9.01,12
472,多头进场,2026-09-24 10:34,L,83241.9,1.046359,87100.91124,145.44,0.17,0,211.89,0.24,-3.77,0.00,9013.48,9.01,12
473,空头出场,2026-09-24 11:08,Trail,83542.3,1.043805,87210.74279,8.87,0.01,0,53.03,0.06,-21.61,-0.02,9022.35,9.02,1
473,空头进场,2026-09-24 11:07,S,83550.8,1.043805,87210.74279,8.87,0.01,0,53.03,0.06,-21.61,-0.02,9022.35,9.02,1
474,空头出场,2026-09-24 11:22,Trail,83548.7,1.043827,87217.80005,7.41,0.01,0,56.89,0.07,-5.22,-0.01,9029.77,9.03,4
474,空头进场,2026-09-24 11:18,S,83555.8,1.043827,87217.80005,7.41,0.01,0,56.89,0.07,-5.22,-0.01,9029.77,9.03,4
475,多头出场,2026-09-24 11:59,Trail,83510.9,1.045459,87221.59891,85.62,0.10,0,122.63,0.14,-26.87,-0.03,9115.39,9.12,4
475,多头进场,2026-09-24 11:55,L,83429,1.045459,87221.59891,85.62,0.10,0,122.63,0.14,-26.87,-0.03,9115.39,9.12,4
476,多头出场,2026-09-24 12:09,Trail,83525.6,1.0467,87292.16325,134.08,0.15,0,177.73,0.20,-2.41,0.00,9249.47,9.25,4
476,多头进场,2026-09-24 12:05,L,83397.5,1.0467,87292.16325,134.08,0.15,0,177.73,0.20,-2.41,0.00,9249.47,9.25,4
477,多头出场,2026-09-24 12:58,Trail,83612.9,1.047249,87399.63144,163.89,0.19,0,208.3,0.24,-30.37,-0.03,9413.36,9.41,5
477,多头进场,2026-09-24 12:53,L,83456.4,1.047249,87399.63144,163.89,0.19,0,208.3,0.24,-30.37,-0.03,9413.36,9.41,5
478,空头出场,2026-09-24 13:30,Trail,83799.7,1.044307,87530.78425,18.17,0.02,0,69.45,0.08,-46.99,-0.05,9431.54,9.43,7
478,空头进场,2026-09-24 13:23,S,83817.1,1.044307,87530.78425,18.17,0.02,0,69.45,0.08,-46.99,-0.05,9431.54,9.43,7
479,多头出场,2026-09-24 13:48,Trail,83973.5,1.042935,87551.89021,27.01,0.03,0,134.64,0.15,-52.36,-0.06,9458.55,9.46,3
479,多头进场,2026-09-24 13:45,L,83947.6,1.042935,87551.89021,27.01,0.03,0,134.64,0.15,-52.36,-0.06,9458.55,9.46,3
480,空头出场,2026-09-24 14:25,Trail,84493.3,1.038321,87566.80154,-164.37,-0.19,0,6.33,0.01,-164.37,-0.19,9294.18,9.29,1
480,空头进场,2026-09-24 14:24,S,84335,1.038321,87566.80154,-164.37,-0.19,0,6.33,0.01,-164.37,-0.19,9294.18,9.29,1
481,空头出场,2026-09-24 15:35,Trail,84305.5,1.03927,87434.82437,-181.35,-0.21,0,49.68,0.06,-181.35,-0.21,9112.83,9.11,7
481,空头进场,2026-09-24 15:28,S,84131,1.03927,87434.82437,-181.35,-0.21,0,49.68,0.06,-181.35,-0.21,9112.83,9.11,7
482,空头出场,2026-09-24 16:06,Trail,84282.4,1.035199,87288.49728,39.44,0.05,0,119.36,0.14,-159.01,-0.18,9152.27,9.15,26
482,空头进场,2026-09-24 15:40,S,84320.5,1.035199,87288.49728,39.44,0.05,0,119.36,0.14,-159.01,-0.18,9152.27,9.15,26
483,空头出场,2026-09-24 16:57,Trail,84526.8,1.032781,87321.63355,23.96,0.03,0,129.92,0.15,-170.51,-0.20,9176.23,9.18,12
483,空头进场,2026-09-24 16:45,S,84550,1.032781,87321.63355,23.96,0.03,0,129.92,0.15,-170.51,-0.20,9176.23,9.18,12
484,多头出场,2026-09-24 17:17,Trail,84462,1.034362,87340.90666,23.38,0.03,0,114.4,0.13,0,0.00,9199.61,9.20,1
484,多头进场,2026-09-24 17:16,L,84439.4,1.034362,87340.90666,23.38,0.03,0,114.4,0.13,0,0.00,9199.61,9.20,1
485,多头出场,2026-09-24 17:53,Trail,84102.4,1.037141,87360.357,-134.31,-0.15,0,60.36,0.07,-134.31,-0.15,9065.3,9.07,12
485,多头进场,2026-09-24 17:41,L,84231.9,1.037141,87360.357,-134.31,-0.15,0,60.36,0.07,-134.31,-0.15,9065.3,9.07,12
486,空头出场,2026-09-24 18:32,Trail,84441.5,1.032944,87252.15991,28.82,0.03,0,82.74,0.09,-39.56,-0.05,9094.12,9.09,4
486,空头进场,2026-09-24 18:28,S,84469.4,1.032944,87252.15991,28.82,0.03,0,82.74,0.09,-39.56,-0.05,9094.12,9.09,4
487,空头出场,2026-09-24 18:36,Trail,84309.7,1.034197,87275.26431,82.43,0.09,0,137.24,0.16,-10.55,-0.01,9176.54,9.18,3
487,空头进场,2026-09-24 18:33,S,84389.4,1.034197,87275.26431,82.43,0.09,0,137.24,0.16,-10.55,-0.01,9176.54,9.18,3
488,空头出场,2026-09-24 18:57,Trail,84539.4,1.034673,87341.19702,-129.44,-0.15,0,55.56,0.06,-129.44,-0.15,9047.1,9.05,15
488,空头进场,2026-09-24 18:42,S,84414.3,1.034673,87341.19702,-129.44,-0.15,0,55.56,0.06,-129.44,-0.15,9047.1,9.05,15
489,空头出场,2026-09-24 19:25,Trail,84661.5,1.031634,87237.75645,-101.93,-0.12,0,13.1,0.02,-101.93,-0.12,8945.18,8.95,8
489,空头进场,2026-09-24 19:17,S,84562.7,1.031634,87237.75645,-101.93,-0.12,0,13.1,0.02,-101.93,-0.12,8945.18,8.95,8
490,空头出场,2026-09-24 19:34,Trail,84617.4,1.029891,87156.07071,9.37,0.01,0,51.8,0.06,-33.37,-0.04,8954.55,8.95,6
490,空头进场,2026-09-24 19:28,S,84626.5,1.029891,87156.07071,9.37,0.01,0,51.8,0.06,-33.37,-0.04,8954.55,8.95,6
491,多头出场,2026-09-24 20:04,Trail,84393.8,1.032881,87163.58813,5.16,0.01,0,60.53,0.07,-62.7,-0.07,8959.72,8.96,3
491,多头进场,2026-09-24 20:01,L,84388.8,1.032881,87163.58813,5.16,0.01,0,60.53,0.07,-62.7,-0.07,8959.72,8.96,3
492,空头出场,2026-09-24 20:17,Trail,84275.5,1.033234,87166.20332,89.89,0.10,0,144.45,0.17,-79.77,-0.09,9049.61,9.05,10
492,空头进场,2026-09-24 20:07,S,84362.5,1.033234,87166.20332,89.89,0.10,0,144.45,0.17,-79.77,-0.09,9049.61,9.05,10
493,多头出场,2026-09-24 20:24,Trail,84207.9,1.034843,87239.74852,-97.79,-0.11,0,25.04,0.03,-97.79,-0.11,8951.81,8.95,5
493,多头进场,2026-09-24 20:19,L,84302.4,1.034843,87239.74852,-97.79,-0.11,0,25.04,0.03,-97.79,-0.11,8951.81,8.95,5
494,空头出场,2026-09-24 20:56,Trail,84301.8,1.032039,87161.26656,158.52,0.18,0,195.26,0.22,-0.1,0.00,9110.33,9.11,4
494,空头进场,2026-09-24 20:52,S,84455.4,1.032039,87161.26656,158.52,0.18,0,195.26,0.22,-0.1,0.00,9110.33,9.11,4
495,空头出场,2026-09-24 21:41,Trail,84461.8,1.034021,87288.22694,-47.05,-0.05,0,0,0.00,-47.05,-0.05,9063.29,9.06,1
495,空头进场,2026-09-24 21:40,S,84416.3,1.034021,87288.22694,-47.05,-0.05,0,0,0.00,-47.05,-0.05,9063.29,9.06,1
496,多头出场,2026-09-24 22:29,Trail,84131.8,1.037739,87251.74606,55.1,0.06,0,106.06,0.12,-6.23,-0.01,9118.39,9.12,7
496,多头进场,2026-09-24 22:22,L,84078.7,1.037739,87251.74606,55.1,0.06,0,106.06,0.12,-6.23,-0.01,9118.39,9.12,7
497,多头出场,2026-09-24 23:01,Trail,84276.4,1.037803,87294.69556,167.61,0.19,0,202.68,0.23,-0.21,0.00,9286,9.29,18
497,多头进场,2026-09-24 22:43,L,84114.9,1.037803,87294.69556,167.61,0.19,0,202.68,0.23,-0.21,0.00,9286,9.29,18
498,多头出场,2026-09-24 23:08,Trail,84346.5,1.037383,87429.60186,70.02,0.08,0,97.2,0.11,-0.1,0.00,9356.02,9.36,6
498,多头进场,2026-09-24 23:02,L,84279,1.037383,87429.60186,70.02,0.08,0,97.2,0.11,-0.1,0.00,9356.02,9.36,6
499,空头出场,2026-09-24 23:13,Trail,84292.1,1.037125,87484.81255,63.37,0.07,0,88.16,0.10,-20.02,-0.02,9419.39,9.42,3
499,空头进场,2026-09-24 23:10,S,84353.2,1.037125,87484.81255,63.37,0.07,0,88.16,0.10,-20.02,-0.02,9419.39,9.42,3
500,空头出场,2026-09-24 23:44,Trail,84438,1.036599,87535.70621,7.36,0.01,0,24.77,0.03,-8.81,-0.01,9426.75,9.43,3
500,空头进场,2026-09-24 23:41,S,84445.1,1.036599,87535.70621,7.36,0.01,0,24.77,0.03,-8.81,-0.01,9426.75,9.43,3
501,空头出场,2026-09-25 00:34,Trail,84635,1.035316,87541.35144,-82.62,-0.09,0,0,0.00,-82.62,-0.09,9344.13,9.34,2
501,空头进场,2026-09-25 00:32,S,84555.2,1.035316,87541.35144,-82.62,-0.09,0,0,0.00,-82.62,-0.09,9344.13,9.34,2
502,多头出场,2026-09-25 00:42,Trail,84639.7,1.033867,87475.2801,30.91,0.04,0,72.16,0.08,-16.96,-0.02,9375.04,9.38,3
502,多头进场,2026-09-25 00:39,L,84609.8,1.033867,87475.2801,30.91,0.04,0,72.16,0.08,-16.96,-0.02,9375.04,9.38,3
503,多头出场,2026-09-25 00:55,Trail,84630,1.034253,87499.97573,28.86,0.03,0,70.95,0.08,-13.45,-0.02,9403.9,9.40,4
503,多头进场,2026-09-25 00:51,L,84602.1,1.034253,87499.97573,28.86,0.03,0,70.95,0.08,-13.45,-0.02,9403.9,9.40,4
504,空头出场,2026-09-25 01:01,Trail,84601.5,1.03437,87523.11411,13.86,0.02,0,54.3,0.06,-20.79,-0.02,9417.76,9.42,4
504,空头进场,2026-09-25 00:57,S,84614.9,1.03437,87523.11411,13.86,0.02,0,54.3,0.06,-20.79,-0.02,9417.76,9.42,4
505,空头出场,2026-09-25 02:29,Trail,84701.8,1.032113,87534.01959,112.19,0.13,0,165.34,0.19,-79.99,-0.09,9529.95,9.53,21
505,空头进场,2026-09-25 02:08,S,84810.5,1.032113,87534.01959,112.19,0.13,0,165.34,0.19,-79.99,-0.09,9529.95,9.53,21
506,多头出场,2026-09-25 03:06,Trail,84272.6,1.040306,87625.49453,43.8,0.05,0,91.75,0.10,-53.47,-0.06,9573.75,9.57,6
506,多头进场,2026-09-25 03:00,L,84230.5,1.040306,87625.49453,43.8,0.05,0,91.75,0.10,-53.47,-0.06,9573.75,9.57,6
507,空头出场,2026-09-25 04:05,Trail,84177.6,1.040692,87658.94413,55.99,0.06,0,84.71,0.10,0,0.00,9629.73,9.63,4
507,空头进场,2026-09-25 04:01,S,84231.4,1.040692,87658.94413,55.99,0.06,0,84.71,0.10,0,0.00,9629.73,9.63,4
508,多头出场,2026-09-25 05:14,Trail,84174.5,1.041276,87703.65778,-54.77,-0.06,0,0,0.00,-54.77,-0.06,9574.96,9.57,3
508,多头进场,2026-09-25 05:11,L,84227.1,1.041276,87703.65778,-54.77,-0.06,0,0,0.00,-54.77,-0.06,9574.96,9.57,3
509,空头出场,2026-09-25 05:24,Trail,84123.9,1.041243,87659.95744,66.54,0.08,0,95.27,0.11,-7.29,-0.01,9641.5,9.64,4
509,空头进场,2026-09-25 05:20,S,84187.8,1.041243,87659.95744,66.54,0.08,0,95.27,0.11,-7.29,-0.01,9641.5,9.64,4
510,多头出场,2026-09-25 06:33,Trail,84031.5,1.042849,87713.19511,-81.03,-0.09,0,0,0.00,-81.03,-0.09,9560.47,9.56,2
510,多头进场,2026-09-25 06:31,L,84109.2,1.042849,87713.19511,-81.03,-0.09,0,0,0.00,-81.03,-0.09,9560.47,9.56,2
511,空头出场,2026-09-25 08:08,Trail,84099.2,1.041741,87648.33747,38.75,0.04,0,115.53,0.13,0,0.00,9599.22,9.60,1
511,空头进场,2026-09-25 08:07,S,84136.4,1.041741,87648.33747,38.75,0.04,0,115.53,0.13,0,0.00,9599.22,9.60,1
512,多头出场,2026-09-25 08:54,Trail,84336.5,1.039639,87679.3066,0.21,0.00,0,27.86,0.03,-2.81,0.00,9599.43,9.60,2
512,多头进场,2026-09-25 08:52,L,84336.3,1.039639,87679.3066,0.21,0.00,0,27.86,0.03,-2.81,0.00,9599.43,9.60,2
513,空头出场,2026-09-25 09:24,Trail,84651.8,1.036763,87679.46162,-84.39,-0.10,0,19.28,0.02,-84.39,-0.10,9515.04,9.52,3
513,空头进场,2026-09-25 09:21,S,84570.4,1.036763,87679.46162,-84.39,-0.10,0,19.28,0.02,-84.39,-0.10,9515.04,9.52,3
514,多头出场,2026-09-25 10:16,Trail,84485.8,1.037903,87611.8832,76.18,0.09,0,107.01,0.12,-9.76,-0.01,9591.22,9.59,9
514,多头进场,2026-09-25 10:07,L,84412.4,1.037903,87611.8832,76.18,0.09,0,107.01,0.12,-9.76,-0.01,9591.22,9.59,9
515,多头出场,2026-09-25 10:29,Trail,84721.5,1.037984,87672.90337,266.66,0.30,0,295.1,0.34,-0.1,0.00,9857.88,9.86,6
515,多头进场,2026-09-25 10:23,L,84464.6,1.037984,87672.90337,266.66,0.30,0,295.1,0.34,-0.1,0.00,9857.88,9.86,6
516,空头出场,2026-09-25 10:42,Trail,84785.8,1.03755,87886.39903,-83.11,-0.09,0,0,0.00,-83.11,-0.09,9774.77,9.77,2
516,空头进场,2026-09-25 10:40,S,84705.7,1.03755,87886.39903,-83.11,-0.09,0,0,0.00,-83.11,-0.09,9774.77,9.77,2
517,空头出场,2026-09-25 10:54,Trail,84847.4,1.035962,87819.74189,-78.94,-0.09,0,38.23,0.04,-78.94,-0.09,9695.83,9.70,8
517,空头进场,2026-09-25 10:46,S,84771.2,1.035962,87819.74189,-78.94,-0.09,0,38.23,0.04,-78.94,-0.09,9695.83,9.70,8
518,空头出场,2026-09-25 11:01,Trail,84745.3,1.035308,87756.53672,19.05,0.02,0,63.77,0.07,0,0.00,9714.88,9.71,4
518,空头进场,2026-09-25 10:57,S,84763.7,1.035308,87756.53672,19.05,0.02,0,63.77,0.07,0,0.00,9714.88,9.71,4
519,多头出场,2026-09-25 11:24,Trail,84911.4,1.032181,87771.82099,-127.89,-0.15,0,0,0.00,-127.99,-0.15,9586.99,9.59,1
519,多头进场,2026-09-25 11:23,L,85035.3,1.032181,87771.82099,-127.89,-0.15,0,0,0.00,-127.99,-0.15,9586.99,9.59,1
520,多头出场,2026-09-25 11:44,Trail,84717.5,1.03342,87670.39238,-121.63,-0.14,0,10.54,0.01,-121.63,-0.14,9465.36,9.47,4
520,多头进场,2026-09-25 11:40,L,84835.2,1.03342,87670.39238,-121.63,-0.14,0,10.54,0.01,-121.63,-0.14,9465.36,9.47,4
521,多头出场,2026-09-25 11:49,Trail,84613.9,1.033541,87572.34235,-120.41,-0.14,0,0,0.00,-142.73,-0.16,9344.95,9.34,1
521,多头进场,2026-09-25 11:48,L,84730.4,1.033541,87572.34235,-120.41,-0.14,0,0,0.00,-142.73,-0.16,9344.95,9.34,1
522,多头出场,2026-09-25 12:04,Trail,84657.9,1.033771,87475.84123,41.04,0.05,0,90.45,0.10,-38.87,-0.04,9385.99,9.39,5
522,多头进场,2026-09-25 11:59,L,84618.2,1.033771,87475.84123,41.04,0.05,0,90.45,0.10,-38.87,-0.04,9385.99,9.39,5
523,空头出场,2026-09-25 12:54,Trail,84459,1.036066,87508.72452,3.63,0.00,0,96.35,0.11,-121.53,-0.14,9389.62,9.39,7
523,空头进场,2026-09-25 12:47,S,84462.5,1.036066,87508.72452,3.63,0.00,0,96.35,0.11,-121.53,-0.14,9389.62,9.39,7
524,多头出场,2026-09-25 13:07,Trail,84502.8,1.03618,87510.99637,49.11,0.06,0,123.62,0.14,-3.73,0.00,9438.73,9.44,3
524,多头进场,2026-09-25 13:04,L,84455.4,1.03618,87510.99637,49.11,0.06,0,123.62,0.14,-3.73,0.00,9438.73,9.44,3
525,多头出场,2026-09-25 13:56,Trail,83996.7,1.045286,87550.96026,249.61,0.29,0,383.72,0.44,-33.87,-0.04,9688.35,9.69,6
525,多头进场,2026-09-25 13:50,L,83757.9,1.045286,87550.96026,249.61,0.29,0,383.72,0.44,-33.87,-0.04,9688.35,9.69,6
526,空头出场,2026-09-25 14:42,Trail,83836.8,1.046567,87757.99196,17.16,0.02,0,107.59,0.12,-85.82,-0.10,9705.51,9.71,4
526,空头进场,2026-09-25 14:38,S,83853.2,1.046567,87757.99196,17.16,0.02,0,107.59,0.12,-85.82,-0.10,9705.51,9.71,4
527,空头出场,2026-09-25 14:55,Trail,83868.7,1.048744,87762.88315,-193.91,-0.22,0,78.87,0.09,-193.91,-0.22,9511.6,9.51,3
527,空头进场,2026-09-25 14:52,S,83683.8,1.048744,87762.88315,-193.91,-0.22,0,78.87,0.09,-193.91,-0.22,9511.6,9.51,3
528,空头出场,2026-09-25 15:21,Trail,83829.1,1.043854,87609.20482,103.86,0.12,0,185.81,0.21,-16.6,-0.02,9615.46,9.62,3
528,空头进场,2026-09-25 15:18,S,83928.6,1.043854,87609.20482,103.86,0.12,0,185.81,0.21,-16.6,-0.02,9615.46,9.62,3
529,多头出场,2026-09-25 16:04,Trail,83919.6,1.050033,87692.45596,425.89,0.49,0,509.16,0.58,-0.11,0.00,10041.36,10.04,9
529,多头进场,2026-09-25 15:55,L,83514,1.050033,87692.45596,425.89,0.49,0,509.16,0.58,-0.11,0.00,10041.36,10.04,9
530,空头出场,2026-09-25 16:25,Trail,83995.8,1.047453,88033.08264,51.43,0.06,0,130.93,0.15,-30.69,-0.03,10092.79,10.09,5
530,空头进场,2026-09-25 16:20,S,84044.9,1.047453,88033.08264,51.43,0.06,0,130.93,0.15,-30.69,-0.03,10092.79,10.09,5
531,空头出场,2026-09-25 18:09,Trail,83916.4,1.050473,88074.17746,-77.73,-0.09,0,26.58,0.03,-77.73,-0.09,10015.05,10.02,4
531,空头进场,2026-09-25 18:05,S,83842.4,1.050473,88074.17746,-77.73,-0.09,0,26.58,0.03,-77.73,-0.09,10015.05,10.02,4
532,空头出场,2026-09-25 18:27,Trail,83963.7,1.047737,88012.00347,40.13,0.05,0,74.08,0.08,-50.29,-0.06,10055.18,10.06,4
532,空头进场,2026-09-25 18:23,S,84002,1.047737,88012.00347,40.13,0.05,0,74.08,0.08,-50.29,-0.06,10055.18,10.06,4
533,空头出场,2026-09-25 19:07,Trail,84016.4,1.048887,88044.09922,-79.61,-0.09,0,31.05,0.04,-79.61,-0.09,9975.57,9.98,29
533,空头进场,2026-09-25 18:38,S,83940.5,1.048887,88044.09922,-79.61,-0.09,0,31.05,0.04,-79.61,-0.09,9975.57,9.98,29
534,多头出场,2026-09-25 19:47,Trail,84046.3,1.047589,87980.4003,65.58,0.07,0,95.64,0.11,0,0.00,10041.15,10.04,3
534,多头进场,2026-09-25 19:44,L,83983.7,1.047589,87980.4003,65.58,0.07,0,95.64,0.11,0,0.00,10041.15,10.04,3
535,多头出场,2026-09-25 19:59,Trail,84031.3,1.0478,88033.0126,14.98,0.02,0,45.06,0.05,-24.52,-0.03,10056.13,10.06,3
535,多头进场,2026-09-25 19:56,L,84017,1.0478,88033.0126,14.98,0.02,0,45.06,0.05,-24.52,-0.03,10056.13,10.06,3
536,多头出场,2026-09-25 20:25,Trail,84073.8,1.048224,88044.84112,83.33,0.09,0,114.57,0.13,-53.56,-0.06,10139.47,10.14,22
536,多头进场,2026-09-25 20:03,L,83994.3,1.048224,88044.84112,83.33,0.09,0,114.57,0.13,-53.56,-0.06,10139.47,10.14,22
537,空头出场,2026-09-25 20:42,Trail,84084.5,1.047371,88112.07538,44.41,0.05,0,74.36,0.08,-5.24,-0.01,10183.87,10.18,1
537,空头进场,2026-09-25 20:41,S,84126.9,1.047371,88112.07538,44.41,0.05,0,74.36,0.08,-5.24,-0.01,10183.87,10.18,1
538,多头出场,2026-09-25 21:34,Trail,83761.1,1.053408,88147.91735,86.7,0.10,0,123.25,0.14,0,0.00,10270.57,10.27,13
538,多头进场,2026-09-25 21:21,L,83678.8,1.053408,88147.91735,86.7,0.10,0,123.25,0.14,0,0.00,10270.57,10.27,13
539,空头出场,2026-09-25 21:50,Trail,83869.4,1.052467,88216.41573,-53.36,-0.06,0,0,0.00,-53.36,-0.06,10217.21,10.22,4
539,空头进场,2026-09-25 21:46,S,83818.7,1.052467,88216.41573,-53.36,-0.06,0,0,0.00,-53.36,-0.06,10217.21,10.22,4
540,空头出场,2026-09-25 22:10,Trail,83927.7,1.051046,88173.6153,-38.26,-0.04,0,0,0.00,-38.26,-0.04,10178.95,10.18,2
540,空头进场,2026-09-25 22:08,S,83891.3,1.051046,88173.6153,-38.26,-0.04,0,0,0.00,-38.26,-0.04,10178.95,10.18,2
541,空头出场,2026-09-25 22:31,Trail,83941.2,1.050407,88141.12194,-31.3,-0.04,0,0,0.00,-31.3,-0.04,10147.65,10.15,1
541,空头进场,2026-09-25 22:30,S,83911.4,1.050407,88141.12194,-31.3,-0.04,0,0,0.00,-31.3,-0.04,10147.65,10.15,1
542,空头出场,2026-09-25 22:59,Trail,84084.3,1.047665,88118.05549,25.88,0.03,0,52.7,0.06,0,0.00,10173.53,10.17,1
542,空头进场,2026-09-25 22:58,S,84109,1.047665,88118.05549,25.88,0.03,0,52.7,0.06,0,0.00,10173.53,10.17,1
543,空头出场,2026-09-25 23:15,Trail,84075.2,1.048116,88138.90435,18.34,0.02,0,32.18,0.04,0,0.00,10191.87,10.19,2
543,空头进场,2026-09-25 23:13,S,84092.7,1.048116,88138.90435,18.34,0.02,0,32.18,0.04,0,0.00,10191.87,10.19,2
544,空头出场,2026-09-25 23:54,Trail,84037.3,1.04847,88153.5752,42.99,0.05,0,49.07,0.06,0,0.00,10234.85,10.23,1
544,空头进场,2026-09-25 23:53,S,84078.3,1.04847,88153.5752,42.99,0.05,0,49.07,0.06,0,0.00,10234.85,10.23,1
545,空头出场,2026-09-26 00:05,Trail,84057,1.048838,88187.97718,25.8,0.03,0,36.08,0.04,0,0.00,10260.66,10.26,3
545,空头进场,2026-09-26 00:02,S,84081.6,1.048838,88187.97718,25.8,0.03,0,36.08,0.04,0,0.00,10260.66,10.26,3
546,空头出场,2026-09-26 01:10,Trail,83939.2,1.050741,88208.55113,10.19,0.01,0,37.62,0.04,-29.42,-0.03,10270.85,10.27,4
546,空头进场,2026-09-26 01:06,S,83948.9,1.050741,88208.55113,10.19,0.01,0,37.62,0.04,-29.42,-0.03,10270.85,10.27,4
547,多头出场,2026-09-26 01:18,Trail,83965.8,1.050917,88216.60027,24.49,0.03,0,51.49,0.06,-5.46,-0.01,10295.33,10.30,3
547,多头进场,2026-09-26 01:15,L,83942.5,1.050917,88216.60027,24.49,0.03,0,51.49,0.06,-5.46,-0.01,10295.33,10.30,3
548,多头出场,2026-09-26 01:40,Trail,84057.2,1.051016,88234.68503,110.78,0.13,0,135.79,0.15,-9.35,-0.01,10406.11,10.41,14
548,多头进场,2026-09-26 01:26,L,83951.8,1.051016,88234.68503,110.78,0.13,0,135.79,0.15,-9.35,-0.01,10406.11,10.41,14
549,空头出场,2026-09-26 02:03,Trail,84007.4,1.050691,88324.97302,59.15,0.07,0,76.81,0.09,-18.6,-0.02,10465.27,10.47,6
549,空头进场,2026-09-26 01:57,S,84063.7,1.050691,88324.97302,59.15,0.07,0,76.81,0.09,-18.6,-0.02,10465.27,10.47,6
550,多头出场,2026-09-26 02:44,Trail,84018.2,1.051857,88372.1866,2.95,0.00,0,24.61,0.03,-8.2,-0.01,10468.21,10.47,2
550,多头进场,2026-09-26 02:42,L,84015.4,1.051857,88372.1866,2.95,0.00,0,24.61,0.03,-8.2,-0.01,10468.21,10.47,2
551,多头出场,2026-09-26 03:39,Trail,84017.7,1.052035,88374.51692,15.04,0.02,0,30.09,0.03,-0.11,0.00,10483.25,10.48,2
551,多头进场,2026-09-26 03:37,L,84003.4,1.052035,88374.51692,15.04,0.02,0,30.09,0.03,-0.11,0.00,10483.25,10.48,2
552,多头出场,2026-09-26 04:08,Trail,84013.2,1.052951,88386.49696,75.29,0.09,0,85.08,0.10,-0.21,0.00,10558.54,10.56,10
552,多头进场,2026-09-26 03:58,L,83941.7,1.052951,88386.49696,75.29,0.09,0,85.08,0.10,-0.21,0.00,10558.54,10.56,10
553,多头出场,2026-09-26 04:21,Trail,84039.5,1.052764,88446.9147,26.85,0.03,0,37.9,0.04,-0.11,0.00,10585.39,10.59,5
553,多头进场,2026-09-26 04:16,L,84014,1.052764,88446.9147,26.85,0.03,0,37.9,0.04,-0.11,0.00,10585.39,10.59,5
554,空头出场,2026-09-26 04:25,Trail,83942,1.053822,88467.72461,7.8,0.01,0,24.66,0.03,0,0.00,10593.19,10.59,1
554,空头进场,2026-09-26 04:24,S,83949.4,1.053822,88467.72461,7.8,0.01,0,24.66,0.03,0,0.00,10593.19,10.59,1
555,空头出场,2026-09-26 05:08,Trail,84005.7,1.053378,88474.48227,-15.27,-0.02,0,0,0.00,-15.27,-0.02,10577.91,10.58,6
555,空头进场,2026-09-26 05:02,S,83991.2,1.053378,88474.48227,-15.27,-0.02,0,0,0.00,-15.27,-0.02,10577.91,10.58,6
556,空头出场,2026-09-26 05:37,Trail,83915.1,1.05319,88462.27277,83.73,0.09,0,99.63,0.11,-0.11,0.00,10661.64,10.66,10
556,空头进场,2026-09-26 05:27,S,83994.6,1.05319,88462.27277,83.73,0.09,0,99.63,0.11,-0.11,0.00,10661.64,10.66,10
557,空头出场,2026-09-26 06:04,Trail,83927.8,1.055127,88529.16478,-25.32,-0.03,0,4.01,0.00,-25.32,-0.03,10636.32,10.64,1
557,空头进场,2026-09-26 06:03,S,83903.8,1.055127,88529.16478,-25.32,-0.03,0,4.01,0.00,-25.32,-0.03,10636.32,10.64,1
558,多头出场,2026-09-26 06:18,Trail,83882.2,1.054833,88509.03285,-27.32,-0.03,0,0,0.00,-27.32,-0.03,10609,10.61,1
558,多头进场,2026-09-26 06:17,L,83908.1,1.054833,88509.03285,-27.32,-0.03,0,0,0.00,-27.32,-0.03,10609,10.61,1
559,多头出场,2026-09-26 06:33,Trail,83969,1.053885,88487.13548,6.53,0.01,0,19.71,0.02,-13.38,-0.02,10615.53,10.62,2
559,多头进场,2026-09-26 06:31,L,83962.8,1.053885,88487.13548,6.53,0.01,0,19.71,0.02,-13.38,-0.02,10615.53,10.62,2
560,多头出场,2026-09-26 06:41,Trail,83925.5,1.054505,88492.26694,7.59,0.01,0,22.99,0.03,0,0.00,10623.12,10.62,3
560,多头进场,2026-09-26 06:38,L,83918.3,1.054505,88492.26694,7.59,0.01,0,22.99,0.03,0,0.00,10623.12,10.62,3
561,空头出场,2026-09-26 06:54,Trail,83922.8,1.054267,88498.33478,21.3,0.02,0,31.73,0.04,-0.11,0.00,10644.42,10.64,3
561,空头进场,2026-09-26 06:51,S,83943,1.054267,88498.33478,21.3,0.02,0,31.73,0.04,-0.11,0.00,10644.42,10.64,3
562,多头出场,2026-09-26 06:58,Trail,83924.5,1.05472,88515.4775,1.37,0.00,0,11.07,0.01,-0.11,0.00,10645.79,10.65,2
562,多头进场,2026-09-26 06:56,L,83923.2,1.05472,88515.4775,1.37,0.00,0,11.07,0.01,-0.11,0.00,10645.79,10.65,2
563,空头出场,2026-09-26 07:34,Trail,84023.7,1.053467,88516.51121,0.32,0.00,0,12.43,0.01,-0.11,0.00,10646.11,10.65,12
563,空头进场,2026-09-26 07:22,S,84024,1.053467,88516.51121,0.32,0.00,0,12.43,0.01,-0.11,0.00,10646.11,10.65,12
564,空头出场,2026-09-26 07:45,Trail,84062.5,1.053237,88516.88122,-20.85,-0.02,0,0.11,0.00,-20.85,-0.02,10625.25,10.63,1
564,空头进场,2026-09-26 07:44,S,84042.7,1.053237,88516.88122,-20.85,-0.02,0,0.11,0.00,-20.85,-0.02,10625.25,10.63,1
565,多头出场,2026-09-26 08:33,Trail,84227.6,1.052874,88500.06108,180.99,0.20,0,193.1,0.22,-20.85,-0.02,10806.24,10.81,13
565,多头进场,2026-09-26 08:20,L,84055.7,1.052874,88500.06108,180.99,0.20,0,193.1,0.22,-20.85,-0.02,10806.24,10.81,13
566,多头出场,2026-09-26 09:09,Trail,84196,1.052638,88647.17232,-19.26,-0.02,0,0,0.00,-19.26,-0.02,10786.98,10.79,1
566,多头进场,2026-09-26 09:08,L,84214.3,1.052638,88647.17232,-19.26,-0.02,0,0,0.00,-19.26,-0.02,10786.98,10.79,1
567,多头出场,2026-09-26 10:03,Trail,84063.7,1.054688,88629.65139,31.32,0.04,0,59.91,0.07,-35.75,-0.04,10818.3,10.82,29
567,多头进场,2026-09-26 09:34,L,84034,1.054688,88629.65139,31.32,0.04,0,59.91,0.07,-35.75,-0.04,10818.3,10.82,29
568,空头出场,2026-09-26 10:29,Trail,84145.3,1.053513,88650.59052,2.42,0.00,0,21.39,0.02,-4.95,-0.01,10820.73,10.82,4
568,空头进场,2026-09-26 10:25,S,84147.6,1.053513,88650.59052,2.42,0.00,0,21.39,0.02,-4.95,-0.01,10820.73,10.82,4
569,多头出场,2026-09-26 11:01,Trail,84164.1,1.053083,88656.53037,-24.75,-0.03,0,4.53,0.01,-24.75,-0.03,10795.98,10.80,3
569,多头进场,2026-09-26 10:58,L,84187.6,1.053083,88656.53037,-24.75,-0.03,0,4.53,0.01,-24.75,-0.03,10795.98,10.80,3
570,空头出场,2026-09-26 11:06,Trail,84150.2,1.053052,88636.75581,22.22,0.03,0,36.96,0.04,-3.69,0.00,10818.2,10.82,2
570,空头进场,2026-09-26 11:04,S,84171.3,1.053052,88636.75581,22.22,0.03,0,36.96,0.04,-3.69,0.00,10818.2,10.82,2
571,空头出场,2026-09-26 12:05,Trail,84117.5,1.05315,88654.58826,66.24,0.07,0,74.14,0.08,-14.32,-0.02,10884.44,10.88,24
571,空头进场,2026-09-26 11:41,S,84180.4,1.05315,88654.58826,66.24,0.07,0,74.14,0.08,-14.32,-0.02,10884.44,10.88,24
572,空头出场,2026-09-26 12:13,Trail,84127,1.054203,88702.32714,15.39,0.02,0,28.78,0.03,-0.11,0.00,10899.83,10.90,3
572,空头进场,2026-09-26 12:10,S,84141.6,1.054203,88702.32714,15.39,0.02,0,28.78,0.03,-0.11,0.00,10899.83,10.90,3
573,多头出场,2026-09-26 12:41,Trail,84083.7,1.054736,88719.96243,-33.86,-0.04,0,16.24,0.02,-33.86,-0.04,10865.98,10.87,14
573,多头进场,2026-09-26 12:27,L,84115.8,1.054736,88719.96243,-33.86,-0.04,0,16.24,0.02,-33.86,-0.04,10865.98,10.87,14
574,多头出场,2026-09-26 12:54,Trail,84063.6,1.055162,88692.69707,8.02,0.01,0,20.26,0.02,-0.11,0.00,10873.99,10.87,9
574,多头进场,2026-09-26 12:45,L,84056,1.055162,88692.69707,8.02,0.01,0,20.26,0.02,-0.11,0.00,10873.99,10.87,9
575,多头出场,2026-09-26 12:59,Trail,84063.4,1.055318,88699.1613,14.46,0.02,0,22.37,0.03,-0.21,0.00,10888.45,10.89,2
575,多头进场,2026-09-26 12:57,L,84049.7,1.055318,88699.1613,14.46,0.02,0,22.37,0.03,-0.21,0.00,10888.45,10.89,2
576,空头出场,2026-09-26 13:29,Trail,83879.4,1.056357,88710.74815,104.16,0.12,0,128.66,0.15,-0.11,0.00,10992.61,10.99,6
576,空头进场,2026-09-26 13:23,S,83978,1.056357,88710.74815,104.16,0.12,0,128.66,0.15,-0.11,0.00,10992.61,10.99,6
577,多头出场,2026-09-26 14:39,Trail,84008.6,1.057503,88794.19115,45.16,0.05,0,71.38,0.08,-48.54,-0.05,11037.76,11.04,48
577,多头进场,2026-09-26 13:51,L,83965.9,1.057503,88794.19115,45.16,0.05,0,71.38,0.08,-48.54,-0.05,11037.76,11.04,48
578,空头出场,2026-09-26 14:49,Trail,84018.6,1.057136,88830.08094,10.99,0.01,0,23.26,0.03,0,0.00,11048.76,11.05,5
578,空头进场,2026-09-26 14:44,S,84029,1.057136,88830.08094,10.99,0.01,0,23.26,0.03,0,0.00,11048.76,11.05,5
579,空头出场,2026-09-26 14:56,Trail,84043,1.05702,88840.09985,4.97,0.01,0,16.17,0.02,-8.35,-0.01,11053.73,11.05,3
579,空头进场,2026-09-26 14:53,S,84047.7,1.05702,88840.09985,4.97,0.01,0,16.17,0.02,-8.35,-0.01,11053.73,11.05,3
580,多头出场,2026-09-26 15:35,Trail,84143.6,1.056933,88842.93426,91.21,0.10,0,106.43,0.12,-25.05,-0.03,11144.94,11.14,10
580,多头进场,2026-09-26 15:25,L,84057.3,1.056933,88842.93426,91.21,0.10,0,106.43,0.12,-25.05,-0.03,11144.94,11.14,10
581,多头出场,2026-09-26 15:45,Trail,84121.3,1.057136,88916.0261,11.63,0.01,0,30.55,0.03,-9.41,-0.01,11156.57,11.16,2
581,多头进场,2026-09-26 15:43,L,84110.3,1.057136,88916.0261,11.63,0.01,0,30.55,0.03,-9.41,-0.01,11156.57,11.16,2
582,空头出场,2026-09-26 16:02,Trail,84123.9,1.056669,88925.2477,34.13,0.04,0,49.14,0.06,-4.65,-0.01,11190.7,11.19,3
582,空头进场,2026-09-26 15:59,S,84156.2,1.056669,88925.2477,34.13,0.04,0,49.14,0.06,-4.65,-0.01,11190.7,11.19,3
583,多头出场,2026-09-26 16:20,Trail,84120.4,1.05707,88952.54621,-31.39,-0.04,0,11.42,0.01,-31.39,-0.04,11159.3,11.16,15
583,多头进场,2026-09-26 16:05,L,84150.1,1.05707,88952.54621,-31.39,-0.04,0,11.42,0.01,-31.39,-0.04,11159.3,11.16,15
584,空头出场,2026-09-26 16:29,Trail,84102.6,1.057339,88927.39086,2.43,0.00,0,13.01,0.01,-10.78,-0.01,11161.74,11.16,7
584,空头进场,2026-09-26 16:22,S,84104.9,1.057339,88927.39086,2.43,0.00,0,13.01,0.01,-10.78,-0.01,11161.74,11.16,7
585,多头出场,2026-09-26 16:47,Trail,84161.2,1.05677,88929.30904,9.72,0.01,0,18.28,0.02,-13.74,-0.02,11171.46,11.17,3
585,多头进场,2026-09-26 16:44,L,84152,1.05677,88929.30904,9.72,0.01,0,18.28,0.02,-13.74,-0.02,11171.46,11.17,3
586,空头出场,2026-09-26 16:54,Trail,84133.6,1.056798,88937.16065,24.94,0.03,0,36.14,0.04,-5.28,-0.01,11196.4,11.20,4
586,空头进场,2026-09-26 16:50,S,84157.2,1.056798,88937.16065,24.94,0.03,0,36.14,0.04,-5.28,-0.01,11196.4,11.20,4
587,多头出场,2026-09-26 17:31,Trail,84053.8,1.057933,88957.14265,-33.85,-0.04,0,9.1,0.01,-33.85,-0.04,11162.54,11.16,24
587,多头进场,2026-09-26 17:07,L,84085.8,1.057933,88957.14265,-33.85,-0.04,0,9.1,0.01,-33.85,-0.04,11162.54,11.16,24
588,多头出场,2026-09-26 17:40,Trail,84085.9,1.057694,88929.85383,7.3,0.01,0,20.31,0.02,0,0.00,11169.84,11.17,2
588,多头进场,2026-09-26 17:38,L,84079,1.057694,88929.85383,7.3,0.01,0,20.31,0.02,0,0.00,11169.84,11.17,2
589,空头出场,2026-09-26 18:02,Trail,84139.3,1.057006,88935.85064,0.11,0.00,0,11.84,0.01,0,0.00,11169.95,11.17,2
589,空头进场,2026-09-26 18:00,S,84139.4,1.057006,88935.85064,0.11,0.00,0,11.84,0.01,0,0.00,11169.95,11.17,2
590,空头出场,2026-09-26 18:18,Trail,84088.5,1.056901,88936.73949,63.52,0.07,0,76.31,0.09,-0.42,0.00,11233.47,11.23,11
590,空头进场,2026-09-26 18:07,S,84148.6,1.056901,88936.73949,63.52,0.07,0,76.31,0.09,-0.42,0.00,11233.47,11.23,11
591,多头出场,2026-09-26 18:36,Trail,84057.3,1.058387,88986.85051,-21.7,-0.02,0,10.69,0.01,-21.7,-0.02,11211.77,11.21,8
591,多头进场,2026-09-26 18:28,L,84077.8,1.058387,88986.85051,-21.7,-0.02,0,10.69,0.01,-21.7,-0.02,11211.77,11.21,8
592,多头出场,2026-09-26 18:44,Trail,84015.8,1.05866,88969.25707,-25.09,-0.03,0,4.66,0.01,-25.09,-0.03,11186.68,11.19,1
592,多头进场,2026-09-26 18:43,L,84039.5,1.05866,88969.25707,-25.09,-0.03,0,4.66,0.01,-25.09,-0.03,11186.68,11.19,1
593,空头出场,2026-09-26 19:22,Trail,84036.7,1.058685,88949.33741,-19.06,-0.02,0,0,0.00,-19.06,-0.02,11167.62,11.17,1
593,空头进场,2026-09-26 19:21,S,84018.7,1.058685,88949.33741,-19.06,-0.02,0,0,0.00,-19.06,-0.02,11167.62,11.17,1
594,多头出场,2026-09-26 20:04,Trail,84048.5,1.058438,88934.19451,25.93,0.03,0,35.56,0.04,-0.11,0.00,11193.56,11.19,9
594,多头进场,2026-09-26 19:55,L,84024,1.058438,88934.19451,25.93,0.03,0,35.56,0.04,-0.11,0.00,11193.56,11.19,9
595,空头出场,2026-09-26 20:10,Trail,84006.8,1.058465,88954.88045,36.62,0.04,0,49.22,0.06,0,0.00,11230.18,11.23,1
595,空头进场,2026-09-26 20:09,S,84041.4,1.058465,88954.88045,36.62,0.04,0,49.22,0.06,0,0.00,11230.18,11.23,1
596,空头出场,2026-09-26 21:24,Trail,84135,1.05812,88984.08277,-40.84,-0.05,0,0,0.00,-40.84,-0.05,11189.34,11.19,2
596,空头进场,2026-09-26 21:22,S,84096.4,1.05812,88984.08277,-40.84,-0.05,0,0,0.00,-40.84,-0.05,11189.34,11.19,2
597,空头出场,2026-09-26 21:34,Trail,84232.5,1.056462,88951.45925,-36.98,-0.04,0,0,0.00,-36.98,-0.04,11152.36,11.15,1
597,空头进场,2026-09-26 21:33,S,84197.5,1.056462,88951.45925,-36.98,-0.04,0,0,0.00,-36.98,-0.04,11152.36,11.15,1
598,空头出场,2026-09-26 21:57,Trail,84149.5,1.057155,88921.85282,-37.21,-0.04,0,0,0.00,-37.21,-0.04,11115.15,11.12,2
598,空头进场,2026-09-26 21:55,S,84114.3,1.057155,88921.85282,-37.21,-0.04,0,0,0.00,-37.21,-0.04,11115.15,11.12,2
599,空头出场,2026-09-26 22:42,Trail,84291,1.054393,88892.18345,16.34,0.02,0,44.18,0.05,-11.7,-0.01,11131.49,11.13,10
599,空头进场,2026-09-26 22:32,S,84306.5,1.054393,88892.18345,16.34,0.02,0,44.18,0.05,-11.7,-0.01,11131.49,11.13,10
600,多头出场,2026-09-26 23:42,Trail,84392.8,1.053543,88905.12243,6.32,0.01,0,48.88,0.05,0,0.00,11137.81,11.14,2
600,多头进场,2026-09-26 23:40,L,84386.8,1.053543,88905.12243,6.32,0.01,0,48.88,0.05,0,0.00,11137.81,11.14,2
601,多头出场,2026-09-26 23:59,Trail,84450.2,1.053532,88910.09396,60.89,0.07,0,90.08,0.10,0,0.00,11198.71,11.20,13
601,多头进场,2026-09-26 23:46,L,84392.4,1.053532,88910.09396,60.89,0.07,0,90.08,0.10,0,0.00,11198.71,11.20,13
602,多头出场,2026-09-27 00:34,Trail,84349.1,1.055565,88959.00705,76.95,0.09,0,91.52,0.10,-18.47,-0.02,11275.66,11.28,12
602,多头进场,2026-09-27 00:22,L,84276.2,1.055565,88959.00705,76.95,0.09,0,91.52,0.10,-18.47,-0.02,11275.66,11.28,12
603,多头出场,2026-09-27 01:16,Trail,84400.8,1.05597,89020.59413,104.12,0.12,0,113.62,0.13,-0.11,0.00,11379.78,11.38,8
603,多头进场,2026-09-27 01:08,L,84302.2,1.05597,89020.59413,104.12,0.12,0,113.62,0.13,-0.11,0.00,11379.78,11.38,8
604,空头出场,2026-09-27 02:20,Trail,84519.6,1.05475,89103.80335,-43.24,-0.05,0,20.25,0.02,-43.24,-0.05,11336.53,11.34,8
604,空头进场,2026-09-27 02:12,S,84478.6,1.05475,89103.80335,-43.24,-0.05,0,20.25,0.02,-43.24,-0.05,11336.53,11.34,8
605,多头出场,2026-09-27 02:25,Trail,84491,1.053673,89069.29677,-43.41,-0.05,0,13.49,0.02,-43.41,-0.05,11293.12,11.29,3
605,多头进场,2026-09-27 02:22,L,84532.2,1.053673,89069.29677,-43.41,-0.05,0,13.49,0.02,-43.41,-0.05,11293.12,11.29,3
606,多头出场,2026-09-27 03:09,Trail,84507.4,1.054264,89034.38705,58.72,0.07,0,67.68,0.08,0,0.00,11351.84,11.35,7
606,多头进场,2026-09-27 03:02,L,84451.7,1.054264,89034.38705,58.72,0.07,0,67.68,0.08,0,0.00,11351.84,11.35,7
607,多头出场,2026-09-27 03:46,Trail,84378.9,1.055406,89081.43789,-27.44,-0.03,0,0.11,0.00,-27.44,-0.03,11324.4,11.32,1
607,多头进场,2026-09-27 03:45,L,84404.9,1.055406,89081.43789,-27.44,-0.03,0,0.11,0.00,-27.44,-0.03,11324.4,11.32,1
608,空头出场,2026-09-27 03:59,Trail,84416.2,1.055341,89059.59379,-28.28,-0.03,0,8.55,0.01,-28.28,-0.03,11296.12,11.30,8
608,空头进场,2026-09-27 03:51,S,84389.4,1.055341,89059.59379,-28.28,-0.03,0,8.55,0.01,-28.28,-0.03,11296.12,11.30,8
609,多头出场,2026-09-27 04:50,Trail,84319,1.055614,89036.71288,-28.4,-0.03,0,0.11,0.00,-28.4,-0.03,11267.72,11.27,1
609,多头进场,2026-09-27 04:49,L,84345.9,1.055614,89036.71288,-28.4,-0.03,0,0.11,0.00,-28.4,-0.03,11267.72,11.27,1
610,多头出场,2026-09-27 05:09,Trail,84387.4,1.054982,89014.10625,13.08,0.01,0,26.37,0.03,-6.33,-0.01,11280.8,11.28,6
610,多头进场,2026-09-27 05:03,L,84375,1.054982,89014.10625,13.08,0.01,0,26.37,0.03,-6.33,-0.01,11280.8,11.28,6
611,空头出场,2026-09-27 05:30,Trail,84393.5,1.054844,89024.71971,2.74,0.00,0,10.34,0.01,-4.01,0.00,11283.55,11.28,9
611,空头进场,2026-09-27 05:21,S,84396.1,1.054844,89024.71971,2.74,0.00,0,10.34,0.01,-4.01,0.00,11283.55,11.28,9
612,空头出场,2026-09-27 06:34,Trail,84537.5,1.052233,89026.80355,73.66,0.08,0,92.49,0.10,-17.57,-0.02,11357.2,11.36,7
612,空头进场,2026-09-27 06:27,S,84607.5,1.052233,89026.80355,73.66,0.08,0,92.49,0.10,-17.57,-0.02,11357.2,11.36,7
613,多头出场,2026-09-27 07:12,Trail,84532.1,1.054049,89084.84852,16.13,0.02,0,31.31,0.04,-2.64,0.00,11373.33,11.37,12
613,多头进场,2026-09-27 07:00,L,84516.8,1.054049,89084.84852,16.13,0.02,0,31.31,0.04,-2.64,0.00,11373.33,11.37,12
614,多头出场,2026-09-27 07:18,Trail,84518,1.053905,89098.60417,-24.66,-0.03,0,0.53,0.00,-24.77,-0.03,11348.67,11.35,1
614,多头进场,2026-09-27 07:17,L,84541.4,1.053905,89098.60417,-24.66,-0.03,0,0.53,0.00,-24.77,-0.03,11348.67,11.35,1
615,空头出场,2026-09-27 08:26,Trail,84784.3,1.050275,89078.86407,32.03,0.04,0,62.28,0.07,-59.34,-0.07,11380.7,11.38,7
615,空头进场,2026-09-27 08:19,S,84814.8,1.050275,89078.86407,32.03,0.04,0,62.28,0.07,-59.34,-0.07,11380.7,11.38,7
616,多头出场,2026-09-27 09:35,Trail,84759.2,1.052275,89104.54245,85.44,0.10,0,109.02,0.12,-23.36,-0.03,11466.15,11.47,9
616,多头进场,2026-09-27 09:26,L,84678,1.052275,89104.54245,85.44,0.10,0,109.02,0.12,-23.36,-0.03,11466.15,11.47,9
617,空头出场,2026-09-27 10:20,Trail,85000.9,1.048595,89173.88197,42.36,0.05,0,75.92,0.09,-8.91,-0.01,11508.51,11.51,2
617,空头进场,2026-09-27 10:18,S,85041.3,1.048595,89173.88197,42.36,0.05,0,75.92,0.09,-8.91,-0.01,11508.51,11.51,2
618,多头出场,2026-09-27 10:44,Trail,84863.4,1.050726,89206.6374,-38.46,-0.04,0,2.94,0.00,-38.46,-0.04,11470.05,11.47,3
618,多头进场,2026-09-27 10:41,L,84900,1.050726,89206.6374,-38.46,-0.04,0,2.94,0.00,-38.46,-0.04,11470.05,11.47,3
619,多头出场,2026-09-27 10:49,Trail,84897.9,1.050899,89176.03135,43.09,0.05,0,59.17,0.07,-5.46,-0.01,11513.14,11.51,2
619,多头进场,2026-09-27 10:47,L,84856.9,1.050899,89176.03135,43.09,0.05,0,59.17,0.07,-5.46,-0.01,11513.14,11.51,2
620,多头出场,2026-09-27 10:51,Trail,84831.2,1.050869,89210.37115,-63.89,-0.07,0,0,0.00,-63.89,-0.07,11449.25,11.45,1
620,多头进场,2026-09-27 10:50,L,84892,1.050869,89210.37115,-63.89,-0.07,0,0,0.00,-63.89,-0.07,11449.25,11.45,1
621,空头出场,2026-09-27 11:35,Trail,84858,1.050254,89159.31785,36.86,0.04,0,57.66,0.06,-6.72,-0.01,11486.11,11.49,5
621,空头进场,2026-09-27 11:30,S,84893.1,1.050254,89159.31785,36.86,0.04,0,57.66,0.06,-6.72,-0.01,11486.11,11.49,5
622,空头出场,2026-09-27 12:27,Trail,84962.2,1.049227,89188.70175,44.07,0.05,0,60.44,0.07,-29.06,-0.03,11530.18,11.53,11
622,空头进场,2026-09-27 12:16,S,85004.2,1.049227,89188.70175,44.07,0.05,0,60.44,0.07,-29.06,-0.03,11530.18,11.53,11
623,空头出场,2026-09-27 12:36,Trail,84996.3,1.050018,89224.22953,-23.42,-0.03,0,0,0.00,-23.42,-0.03,11506.76,11.51,1
623,空头进场,2026-09-27 12:35,S,84974,1.050018,89224.22953,-23.42,-0.03,0,0,0.00,-23.42,-0.03,11506.76,11.51,1
624,多头出场,2026-09-27 12:53,Trail,84941.3,1.049932,89205.47751,-22.89,-0.03,0,0,0.00,-22.89,-0.03,11483.87,11.48,2
624,多头进场,2026-09-27 12:51,L,84963.1,1.049932,89205.47751,-22.89,-0.03,0,0,0.00,-22.89,-0.03,11483.87,11.48,2
625,多头出场,2026-09-27 13:33,Trail,85040.3,1.052408,89187.05265,310.04,0.35,0,360.24,0.40,-6.95,-0.01,11793.91,11.79,16
625,多头进场,2026-09-27 13:17,L,84745.7,1.052408,89187.05265,310.04,0.35,0,360.24,0.40,-6.95,-0.01,11793.91,11.79,16
626,多头出场,2026-09-27 14:44,Trail,84741.2,1.055777,89435.08083,32.73,0.04,0,81.61,0.09,-23.44,-0.03,11826.64,11.83,3
626,多头进场,2026-09-27 14:41,L,84710.2,1.055777,89435.08083,32.73,0.04,0,81.61,0.09,-23.44,-0.03,11826.64,11.83,3
627,多头出场,2026-09-27 14:58,Trail,84592.1,1.058051,89461.3862,41.37,0.05,0,106.76,0.12,-30.58,-0.03,11868.01,11.87,7
627,多头进场,2026-09-27 14:51,L,84553,1.058051,89461.3862,41.37,0.05,0,106.76,0.12,-30.58,-0.03,11868.01,11.87,7
628,空头出场,2026-09-27 15:47,Trail,84481.3,1.058355,89494.4988,83.29,0.09,0,139.07,0.16,-6.56,-0.01,11951.31,11.95,13
628,空头进场,2026-09-27 15:34,S,84560,1.058355,89494.4988,83.29,0.09,0,139.07,0.16,-6.56,-0.01,11951.31,11.95,13
629,多头出场,2026-09-27 16:02,Trail,84466.6,1.060341,89560.96033,2.44,0.00,0,42.52,0.05,-42.52,-0.05,11953.74,11.95,5
629,多头进场,2026-09-27 15:57,L,84464.3,1.060341,89560.96033,2.44,0.00,0,42.52,0.05,-42.52,-0.05,11953.74,11.95,5
630,空头出场,2026-09-27 16:26,Trail,84602.1,1.058591,89562.93843,3.92,0.00,0,43.51,0.05,-11.01,-0.01,11957.66,11.96,2
630,空头进场,2026-09-27 16:24,S,84605.8,1.058591,89562.93843,3.92,0.00,0,43.51,0.05,-11.01,-0.01,11957.66,11.96,2
631,多头出场,2026-09-27 16:51,Trail,84407.5,1.061354,89566.07203,20.17,0.02,0,60.28,0.07,0,0.00,11977.83,11.98,5
631,多头进场,2026-09-27 16:46,L,84388.5,1.061354,89566.07203,20.17,0.02,0,60.28,0.07,0,0.00,11977.83,11.98,5
632,多头出场,2026-09-27 17:37,Trail,84497.1,1.061489,89582.13503,110.61,0.12,0,146.59,0.16,-34.92,-0.04,12088.43,12.09,27
632,多头进场,2026-09-27 17:10,L,84392.9,1.061489,89582.13503,110.61,0.12,0,146.59,0.16,-34.92,-0.04,12088.43,12.09,27
633,空头出场,2026-09-27 17:45,Trail,84489,1.061295,89673.59038,5.84,0.01,0,27.28,0.03,-7.32,-0.01,12094.27,12.09,6
633,空头进场,2026-09-27 17:39,S,84494.5,1.061295,89673.59038,5.84,0.01,0,27.28,0.03,-7.32,-0.01,12094.27,12.09,6
634,空头出场,2026-09-27 18:05,Trail,84586.4,1.06054,89675.3384,-31.92,-0.04,0,0.11,0.00,-31.92,-0.04,12062.35,12.06,12
634,空头进场,2026-09-27 17:53,S,84556.3,1.06054,89675.3384,-31.92,-0.04,0,0.11,0.00,-31.92,-0.04,12062.35,12.06,12
635,空头出场,2026-09-27 18:11,Trail,84594.7,1.060004,89644.85628,-25.86,-0.03,0,0,0.00,-25.86,-0.03,12036.48,12.04,2
635,空头进场,2026-09-27 18:09,S,84570.3,1.060004,89644.85628,-25.86,-0.03,0,0,0.00,-25.86,-0.03,12036.48,12.04,2
636,多头出场,2026-09-27 18:45,Trail,84755.7,1.057797,89629.14962,25.18,0.03,0,50.99,0.06,-16.18,-0.02,12061.66,12.06,11
636,多头进场,2026-09-27 18:34,L,84731.9,1.057797,89629.14962,25.18,0.03,0,50.99,0.06,-16.18,-0.02,12061.66,12.06,11
637,空头出场,2026-09-27 18:51,Trail,84721.1,1.05778,89649.28789,33,0.04,0,52.89,0.06,-36.18,-0.04,12094.66,12.09,5
637,空头进场,2026-09-27 18:46,S,84752.3,1.05778,89649.28789,33,0.04,0,52.89,0.06,-36.18,-0.04,12094.66,12.09,5
638,空头出场,2026-09-27 19:09,Trail,84788.9,1.05868,89700.05078,-64.26,-0.07,0,0.11,0.00,-64.26,-0.07,12030.4,12.03,6
638,空头进场,2026-09-27 19:03,S,84728.2,1.05868,89700.05078,-64.26,-0.07,0,0.11,0.00,-64.26,-0.07,12030.4,12.03,6
639,多头出场,2026-09-27 19:27,Trail,84735.5,1.057158,89624.2695,-45.46,-0.05,0,0,0.00,-45.46,-0.05,11984.94,11.98,1
639,多头进场,2026-09-27 19:26,L,84778.5,1.057158,89624.2695,-45.46,-0.05,0,0,0.00,-45.46,-0.05,11984.94,11.98,1
640,空头出场,2026-09-27 20:06,Trail,84753,1.056971,89587.91069,6.45,0.01,0,21.98,0.02,-21.88,-0.02,11991.39,11.99,3
640,空头进场,2026-09-27 20:03,S,84759.1,1.056971,89587.91069,6.45,0.01,0,21.98,0.02,-21.88,-0.02,11991.39,11.99,3
641,空头出场,2026-09-27 20:08,Trail,84768.4,1.057284,89593.08315,-31.19,-0.03,0,0,0.00,-31.19,-0.03,11960.2,11.96,1
641,空头进场,2026-09-27 20:07,S,84738.9,1.057284,89593.08315,-31.19,-0.03,0,0,0.00,-31.19,-0.03,11960.2,11.96,1
642,多头出场,2026-09-27 21:05,Trail,84615.2,1.05893,89568.11155,33.46,0.04,0,59.3,0.07,-32.4,-0.04,11993.66,11.99,14
642,多头进场,2026-09-27 20:51,L,84583.6,1.05893,89568.11155,33.46,0.04,0,59.3,0.07,-32.4,-0.04,11993.66,11.99,14
643,空头出场,2026-09-27 21:13,Trail,84649.4,1.058976,89594.87628,-46.81,-0.05,0,0,0.00,-46.81,-0.05,11946.86,11.95,7
643,空头进场,2026-09-27 21:06,S,84605.2,1.058976,89594.87628,-46.81,-0.05,0,0,0.00,-46.81,-0.05,11946.86,11.95,7
644,空头出场,2026-09-27 22:07,Trail,84441.6,1.060291,89557.47932,24.81,0.03,0,71.46,0.08,-90.02,-0.10,11971.67,11.97,4
644,空头进场,2026-09-27 22:03,S,84465,1.060291,89557.47932,24.81,0.03,0,71.46,0.08,-90.02,-0.10,11971.67,11.97,4
645,多头出场,2026-09-27 23:03,Trail,84249,1.063618,89577.16343,31.59,0.04,0,85.83,0.10,-88.92,-0.10,12003.26,12.00,23
645,多头进场,2026-09-27 22:40,L,84219.3,1.063618,89577.16343,31.59,0.04,0,85.83,0.10,-88.92,-0.10,12003.26,12.00,23
646,空头出场,2026-09-27 23:17,Trail,84303.4,1.064107,89602.49147,-105.35,-0.12,0,0,0.00,-105.35,-0.12,11897.91,11.90,1
646,空头进场,2026-09-27 23:16,S,84204.4,1.064107,89602.49147,-105.35,-0.12,0,0,0.00,-105.35,-0.12,11897.91,11.90,1
647,空头出场,2026-09-27 23:42,Trail,84393.3,1.060089,89523.03193,58.62,0.07,0,105.69,0.12,-8.69,-0.01,11956.53,11.96,7
647,空头进场,2026-09-27 23:35,S,84448.6,1.060089,89523.03193,58.62,0.07,0,105.69,0.12,-8.69,-0.01,11956.53,11.96,7
648,空头出场,2026-09-28 00:00,Trail,84473,1.059944,89563.99607,27.35,0.03,0,61.48,0.07,-41.55,-0.05,11983.88,11.98,5
648,空头进场,2026-09-27 23:55,S,84498.8,1.059944,89563.99607,27.35,0.03,0,61.48,0.07,-41.55,-0.05,11983.88,11.98,5
649,多头出场,2026-09-28 00:07,Trail,84476.6,1.059579,89587.08658,-77.46,-0.09,0,26.49,0.03,-77.46,-0.09,11906.42,11.91,4
649,多头进场,2026-09-28 00:03,L,84549.7,1.059579,89587.08658,-77.46,-0.09,0,26.49,0.03,-77.46,-0.09,11906.42,11.91,4
650,多头出场,2026-09-28 01:09,Trail,84150.3,1.064852,89525.08923,82.53,0.09,0,169.63,0.19,-151.53,-0.17,11988.95,11.99,5
650,多头进场,2026-09-28 01:04,L,84072.8,1.064852,89525.08923,82.53,0.09,0,169.63,0.19,-151.53,-0.17,11988.95,11.99,5
651,多头出场,2026-09-28 01:22,Trail,84070.4,1.067011,89591.15181,112.89,0.13,0,205.93,0.23,-74.26,-0.08,12101.84,12.10,3
651,多头进场,2026-09-28 01:19,L,83964.6,1.067011,89591.15181,112.89,0.13,0,205.93,0.23,-74.26,-0.08,12101.84,12.10,3
652,多头出场,2026-09-28 01:44,Trail,83875.5,1.067285,89680.64997,-161.59,-0.18,0,7.9,0.01,-161.59,-0.18,11940.25,11.94,9
652,多头进场,2026-09-28 01:35,L,84026.9,1.067285,89680.64997,-161.59,-0.18,0,7.9,0.01,-161.59,-0.18,11940.25,11.94,9
653,多头出场,2026-09-28 02:15,Trail,83709,1.071047,89554.20254,102.07,0.11,0,187.54,0.21,-73.26,-0.08,12042.32,12.04,9
653,多头进场,2026-09-28 02:06,L,83613.7,1.071047,89554.20254,102.07,0.11,0,187.54,0.21,-73.26,-0.08,12042.32,12.04,9
654,空头出场,2026-09-28 02:34,Trail,83535.8,1.07167,89634.58597,111.78,0.12,0,175.65,0.20,-10.4,-0.01,12154.1,12.15,4
654,空头进场,2026-09-28 02:30,S,83640.1,1.07167,89634.58597,111.78,0.12,0,175.65,0.20,-10.4,-0.01,12154.1,12.15,4
655,多头出场,2026-09-28 03:02,Trail,83494,1.074961,89723.98478,28.81,0.03,0,87.93,0.10,-61.49,-0.07,12182.91,12.18,11
655,多头进场,2026-09-28 02:51,L,83467.2,1.074961,89723.98478,28.81,0.03,0,87.93,0.10,-61.49,-0.07,12182.91,12.18,11
656,多头出场,2026-09-28 03:18,Trail,83483.3,1.075237,89746.80668,17.53,0.02,0,64.19,0.07,-82.04,-0.09,12200.44,12.20,9
656,多头进场,2026-09-28 03:09,L,83467,1.075237,89746.80668,17.53,0.02,0,64.19,0.07,-82.04,-0.09,12200.44,12.20,9
657,空头出场,2026-09-28 03:23,Trail,83428.2,1.075002,89757.72199,72.24,0.08,0,124.06,0.14,-4.3,0.00,12272.68,12.27,2
657,空头进场,2026-09-28 03:21,S,83495.4,1.075002,89757.72199,72.24,0.08,0,124.06,0.14,-4.3,0.00,12272.68,12.27,2
658,多头出场,2026-09-28 03:29,Trail,83312.7,1.076712,89817.16162,-113.38,-0.13,0,0,0.00,-113.38,-0.13,12159.3,12.16,4
658,多头进场,2026-09-28 03:25,L,83418,1.076712,89817.16162,-113.38,-0.13,0,0,0.00,-113.38,-0.13,12159.3,12.16,4
659,多头出场,2026-09-28 03:58,Trail,83351.2,1.075168,89727.39282,-110.85,-0.12,0,0,0.00,-110.85,-0.12,12048.45,12.05,6
659,多头进场,2026-09-28 03:52,L,83454.3,1.075168,89727.39282,-110.85,-0.12,0,0,0.00,-110.85,-0.12,12048.45,12.05,6
660,空头出场,2026-09-28 04:38,Trail,83475,1.073658,89638.63276,15.03,0.02,0,56.04,0.06,-18.68,-0.02,12063.48,12.06,11
660,空头进场,2026-09-28 04:27,S,83489,1.073658,89638.63276,15.03,0.02,0,56.04,0.06,-18.68,-0.02,12063.48,12.06,11
661,多头出场,2026-09-28 06:08,Trail,83179.3,1.079282,89650.99104,122.93,0.14,0,191.36,0.21,0,0.00,12186.41,12.19,14
661,多头进场,2026-09-28 05:54,L,83065.4,1.079282,89650.99104,122.93,0.14,0,191.36,0.21,0,0.00,12186.41,12.19,14
662,空头出场,2026-09-28 06:21,Trail,83177.7,1.078304,89748.21239,57.37,0.06,0,103.41,0.12,-68.04,-0.08,12243.77,12.24,11
662,空头进场,2026-09-28 06:10,S,83230.9,1.078304,89748.21239,57.37,0.06,0,103.41,0.12,-68.04,-0.08,12243.77,12.24,11
663,空头出场,2026-09-28 07:10,Trail,83156.8,1.079727,89794.95609,8.31,0.01,0,53.66,0.06,-21.49,-0.02,12252.09,12.25,4
663,空头进场,2026-09-28 07:06,S,83164.5,1.079727,89794.95609,8.31,0.01,0,53.66,0.06,-21.49,-0.02,12252.09,12.25,4
664,多头出场,2026-09-28 07:18,Trail,83126.2,1.080368,89801.4846,5.4,0.01,0,46.78,0.05,-66.01,-0.07,12257.49,12.26,7
664,多头进场,2026-09-28 07:11,L,83121.2,1.080368,89801.4846,5.4,0.01,0,46.78,0.05,-66.01,-0.07,12257.49,12.26,7
665,多头出场,2026-09-28 07:49,Trail,83004.2,1.082376,89807.33442,34.42,0.04,0,90.92,0.10,-55.96,-0.06,12291.91,12.29,6
665,多头进场,2026-09-28 07:43,L,82972.4,1.082376,89807.33442,34.42,0.04,0,90.92,0.10,-55.96,-0.06,12291.91,12.29,6
666,多头出场,2026-09-28 08:06,Trail,83026.6,1.080299,89833.01955,-139.47,-0.16,0,11.24,0.01,-139.47,-0.16,12152.44,12.15,3
666,多头进场,2026-09-28 08:03,L,83155.7,1.080299,89833.01955,-139.47,-0.16,0,11.24,0.01,-139.47,-0.16,12152.44,12.15,3
667,多头出场,2026-09-28 08:49,Trail,82938.8,1.082444,89717.72147,58.88,0.07,0,117.12,0.13,-27.82,-0.03,12211.33,12.21,8
667,多头进场,2026-09-28 08:41,L,82884.4,1.082444,89717.72147,58.88,0.07,0,117.12,0.13,-27.82,-0.03,12211.33,12.21,8
668,多头出场,2026-09-28 09:34,Trail,82750.4,1.083519,89769.00739,-107.38,-0.12,0,0.33,0.00,-107.38,-0.12,12103.95,12.10,3
668,多头进场,2026-09-28 09:31,L,82849.5,1.083519,89769.00739,-107.38,-0.12,0,0.33,0.00,-107.38,-0.12,12103.95,12.10,3
669,空头出场,2026-09-28 11:16,Trail,83064,1.080746,89683.11302,-87.97,-0.10,0,33.07,0.04,-87.97,-0.10,12015.98,12.02,21
669,空头进场,2026-09-28 10:55,S,82982.6,1.080746,89683.11302,-87.97,-0.10,0,33.07,0.04,-87.97,-0.10,12015.98,12.02,21
670,空头出场,2026-09-28 11:40,Trail,83080.7,1.079675,89613.99671,-86.16,-0.10,0,24.29,0.03,-86.16,-0.10,11929.82,11.93,19
670,空头进场,2026-09-28 11:21,S,83000.9,1.079675,89613.99671,-86.16,-0.10,0,24.29,0.03,-86.16,-0.10,11929.82,11.93,19
671,空头出场,2026-09-28 12:02,Trail,83041.2,1.077701,89543.69738,50.11,0.06,0,80.94,0.09,-2.48,0.00,11979.93,11.98,2
671,空头进场,2026-09-28 12:00,S,83087.7,1.077701,89543.69738,50.11,0.06,0,80.94,0.09,-2.48,0.00,11979.93,11.98,2
672,空头出场,2026-09-28 12:44,Trail,83328.8,1.074676,89583.91668,32.46,0.04,0,90.17,0.10,0,0.00,12012.39,12.01,6
672,空头进场,2026-09-28 12:38,S,83359,1.074676,89583.91668,32.46,0.04,0,90.17,0.10,0,0.00,12012.39,12.01,6
673,空头出场,2026-09-28 13:26,Trail,83466.1,1.074704,89611.50628,-89.85,-0.10,0,12.57,0.01,-89.85,-0.10,11922.54,11.92,7
673,空头进场,2026-09-28 13:19,S,83382.5,1.074704,89611.50628,-89.85,-0.10,0,12.57,0.01,-89.85,-0.10,11922.54,11.92,7
674,多头出场,2026-09-28 14:26,Trail,83511.9,1.075233,89537.87761,256.87,0.29,0,355.47,0.40,-1.51,0.00,12179.42,12.18,7
674,多头进场,2026-09-28 14:19,L,83273,1.075233,89537.87761,256.87,0.29,0,355.47,0.40,-1.51,0.00,12179.42,12.18,7
675,多头出场,2026-09-28 14:38,Trail,83369.9,1.079799,89743.60661,279.13,0.31,0,398.01,0.44,-18.25,-0.02,12458.54,12.46,6
675,多头进场,2026-09-28 14:32,L,83111.4,1.079799,89743.60661,279.13,0.31,0,398.01,0.44,-18.25,-0.02,12458.54,12.46,6
676,空头出场,2026-09-28 15:00,Trail,83048.9,1.08693,89966.8265,-301.51,-0.34,0,233.58,0.26,-301.51,-0.34,12157.03,12.16,7
676,空头进场,2026-09-28 14:53,S,82771.5,1.08693,89966.8265,-301.51,-0.34,0,233.58,0.26,-301.51,-0.34,12157.03,12.16,7
677,多头出场,2026-09-28 15:39,Trail,83266.1,1.081445,89723.81474,323.89,0.36,0,447.07,0.50,-176.92,-0.20,12480.92,12.48,24
677,多头进场,2026-09-28 15:15,L,82966.6,1.081445,89723.81474,323.89,0.36,0,447.07,0.50,-176.92,-0.20,12480.92,12.48,24
678,空头出场,2026-09-28 16:01,Trail,83414.8,1.080897,89984.67525,-178.13,-0.20,0,21.94,0.02,-178.13,-0.20,12302.79,12.30,12
678,空头进场,2026-09-28 15:49,S,83250,1.080897,89984.67525,-178.13,-0.20,0,21.94,0.02,-178.13,-0.20,12302.79,12.30,12
679,空头出场,2026-09-28 16:07,Trail,83401.1,1.078944,89842.04846,-143.07,-0.16,0,0,0.00,-143.07,-0.16,12159.72,12.16,3
679,空头进场,2026-09-28 16:04,S,83268.5,1.078944,89842.04846,-143.07,-0.16,0,0,0.00,-143.07,-0.16,12159.72,12.16,3
680,空头出场,2026-09-28 16:17,Trail,83545.4,1.075546,89727.64016,-129.28,-0.14,0,47.32,0.05,-129.28,-0.14,12030.44,12.03,3
680,空头进场,2026-09-28 16:14,S,83425.2,1.075546,89727.64016,-129.28,-0.14,0,47.32,0.05,-129.28,-0.14,12030.44,12.03,3
681,多头出场,2026-09-28 17:12,Trail,83974.7,1.071559,89629.15953,354.69,0.40,0,430.02,0.48,-83.15,-0.09,12385.13,12.39,7
681,多头进场,2026-09-28 17:05,L,83643.7,1.071559,89629.15953,354.69,0.40,0,430.02,0.48,-83.15,-0.09,12385.13,12.39,7
682,多头出场,2026-09-28 18:54,Trail,83987.9,1.07183,89908.20871,112.54,0.13,0,165.17,0.18,-6,-0.01,12497.67,12.50,4
682,多头进场,2026-09-28 18:50,L,83882.9,1.07183,89908.20871,112.54,0.13,0,165.17,0.18,-6,-0.01,12497.67,12.50,4
683,多头出场,2026-09-28 19:32,Trail,83597.1,1.07561,90000.26846,-82.39,-0.09,0,10.97,0.01,-82.39,-0.09,12415.28,12.42,4
683,多头进场,2026-09-28 19:28,L,83673.7,1.07561,90000.26846,-82.39,-0.09,0,10.97,0.01,-82.39,-0.09,12415.28,12.42,4
684,多头出场,2026-09-28 20:12,Trail,83553.2,1.077275,89928.9779,80.8,0.09,0,147.05,0.16,0,0.00,12496.07,12.50,7
684,多头进场,2026-09-28 20:05,L,83478.2,1.077275,89928.9779,80.8,0.09,0,147.05,0.16,0,0.00,12496.07,12.50,7
685,空头出场,2026-09-28 20:31,Trail,83509.1,1.077375,89996.68909,26.07,0.03,0,65.61,0.07,-33.51,-0.04,12522.15,12.52,3
685,空头进场,2026-09-28 20:28,S,83533.3,1.077375,89996.68909,26.07,0.03,0,65.61,0.07,-33.51,-0.04,12522.15,12.52,3
686,多头出场,2026-09-28 21:02,Trail,83624.6,1.078199,90017.64849,146.31,0.16,0,177.69,0.20,-52.18,-0.06,12668.46,12.67,13
686,多头进场,2026-09-28 20:49,L,83488.9,1.078199,90017.64849,146.31,0.16,0,177.69,0.20,-52.18,-0.06,12668.46,12.67,13
687,多头出场,2026-09-28 21:38,Trail,83426.1,1.079702,90124.6694,-49.34,-0.05,0,4.1,0.00,-49.34,-0.05,12619.12,12.62,3
687,多头进场,2026-09-28 21:35,L,83471.8,1.079702,90124.6694,-49.34,-0.05,0,4.1,0.00,-49.34,-0.05,12619.12,12.62,3
688,多头出场,2026-09-28 21:51,Trail,83387.2,1.079941,90098.93766,-45.68,-0.05,0,16.74,0.02,-45.68,-0.05,12573.44,12.57,8
688,多头进场,2026-09-28 21:43,L,83429.5,1.079941,90098.93766,-45.68,-0.05,0,16.74,0.02,-45.68,-0.05,12573.44,12.57,8
689,空头出场,2026-09-28 23:01,Trail,83563.7,1.078219,90058.78108,-41.19,-0.05,0,0,0.00,-41.19,-0.05,12532.25,12.53,6
689,空头进场,2026-09-28 22:55,S,83525.5,1.078219,90058.78108,-41.19,-0.05,0,0,0.00,-41.19,-0.05,12532.25,12.53,6
690,空头出场,2026-09-28 23:12,Trail,83497.2,1.077853,90023.57598,25.87,0.03,0,53.14,0.06,-44.19,-0.05,12558.12,12.56,5
690,空头进场,2026-09-28 23:07,S,83521.2,1.077853,90023.57598,25.87,0.03,0,53.14,0.06,-44.19,-0.05,12558.12,12.56,5
691,空头出场,2026-09-28 23:46,Trail,83557,1.077149,90047.07124,43.73,0.05,0,62.91,0.07,-5.49,-0.01,12601.85,12.60,2
691,空头进场,2026-09-28 23:44,S,83597.6,1.077149,90047.07124,43.73,0.05,0,62.91,0.07,-5.49,-0.01,12601.85,12.60,2
692,多头出场,2026-09-29 00:16,Trail,83474.8,1.078366,90081.41165,-65.03,-0.07,0,3.45,0.00,-65.03,-0.07,12536.82,12.54,2
692,多头进场,2026-09-29 00:14,L,83535.1,1.078366,90081.41165,-65.03,-0.07,0,3.45,0.00,-65.03,-0.07,12536.82,12.54,2
693,多头出场,2026-09-29 01:24,Trail,82988.4,1.085111,90031.22563,20.4,0.02,0,89.09,0.10,-8.9,-0.01,12557.22,12.56,2
693,多头进场,2026-09-29 01:22,L,82969.6,1.085111,90031.22563,20.4,0.02,0,89.09,0.10,-8.9,-0.01,12557.22,12.56,2
694,多头出场,2026-09-29 01:43,Trail,82938.5,1.086103,90041.95728,37.8,0.04,0,109.04,0.12,-136.41,-0.15,12595.02,12.60,8
694,多头进场,2026-09-29 01:35,L,82903.7,1.086103,90041.95728,37.8,0.04,0,109.04,0.12,-136.41,-0.15,12595.02,12.60,8
695,空头出场,2026-09-29 02:07,Trail,83018.1,1.084094,90078.02092,78.6,0.09,0,144.51,0.16,-1.52,0.00,12673.62,12.67,6
695,空头进场,2026-09-29 02:01,S,83090.6,1.084094,90078.02092,78.6,0.09,0,144.51,0.16,-1.52,0.00,12673.62,12.67,6
696,空头出场,2026-09-29 02:23,Trail,82967.6,1.085116,90135.59459,106.12,0.12,0,168.63,0.19,-100.37,-0.11,12779.74,12.78,4
696,空头进场,2026-09-29 02:19,S,83065.4,1.085116,90135.59459,106.12,0.12,0,168.63,0.19,-100.37,-0.11,12779.74,12.78,4
697,多头出场,2026-09-29 02:47,Trail,83059,1.087054,90223.74271,65.88,0.07,0,133.38,0.15,-109.03,-0.12,12845.62,12.85,22
697,多头进场,2026-09-29 02:25,L,82998.4,1.087054,90223.74271,65.88,0.07,0,133.38,0.15,-109.03,-0.12,12845.62,12.85,22
698,多头出场,2026-09-29 03:01,Trail,83000,1.088052,90280.02665,28.29,0.03,0,79.97,0.09,-24.81,-0.03,12873.9,12.87,6
698,多头进场,2026-09-29 02:55,L,82974,1.088052,90280.02665,28.29,0.03,0,79.97,0.09,-24.81,-0.03,12873.9,12.87,6
699,空头出场,2026-09-29 03:15,Trail,82916.9,1.089137,90317.01247,9.15,0.01,0,60.12,0.07,-39.75,-0.04,12883.05,12.88,9
699,空头进场,2026-09-29 03:06,S,82925.3,1.089137,90317.01247,9.15,0.01,0,60.12,0.07,-39.75,-0.04,12883.05,12.88,9
700,多头出场,2026-09-29 03:22,Trail,83084.7,1.088838,90306.26381,159.51,0.18,0,200.46,0.22,-16.22,-0.02,13042.57,13.04,4
700,多头进场,2026-09-29 03:18,L,82938.2,1.088838,90306.26381,159.51,0.18,0,200.46,0.22,-16.22,-0.02,13042.57,13.04,4
701,空头出场,2026-09-29 03:53,Trail,83117.7,1.087615,90433.88211,33.82,0.04,0,66.02,0.07,0,0.00,13076.39,13.08,2
701,空头进场,2026-09-29 03:51,S,83148.8,1.087615,90433.88211,33.82,0.04,0,66.02,0.07,0,0.00,13076.39,13.08,2
702,空头出场,2026-09-29 03:59,Trail,83081.6,1.088505,90461.18768,26.45,0.03,0,65.53,0.07,0,0.00,13102.84,13.10,3
702,空头进场,2026-09-29 03:56,S,83105.9,1.088505,90461.18768,26.45,0.03,0,65.53,0.07,0,0.00,13102.84,13.10,3
703,多头出场,2026-09-29 05:03,Trail,83236.4,1.089006,90482.24152,162.7,0.18,0,195.26,0.22,0,0.00,13265.54,13.27,12
703,多头进场,2026-09-29 04:51,L,83087,1.089006,90482.24152,162.7,0.18,0,195.26,0.22,0,0.00,13265.54,13.27,12
704,空头出场,2026-09-29 05:24,Trail,83338.9,1.087988,90612.53659,-59.19,-0.07,0,0.11,0.00,-59.19,-0.07,13206.35,13.21,2
704,空头进场,2026-09-29 05:22,S,83284.5,1.087988,90612.53659,-59.19,-0.07,0,0.11,0.00,-59.19,-0.07,13206.35,13.21,2
705,空头出场,2026-09-29 05:49,Trail,83348.7,1.08788,90565.03091,-108.35,-0.12,0,37.1,0.04,-108.35,-0.12,13098,13.10,2
705,空头进场,2026-09-29 05:47,S,83249.1,1.08788,90565.03091,-108.35,-0.12,0,37.1,0.04,-108.35,-0.12,13098,13.10,2
706,空头出场,2026-09-29 06:21,Trail,83849.3,1.080442,90478.37396,-115.93,-0.13,0,0,0.00,-115.93,-0.13,12982.07,12.98,3
706,空头进场,2026-09-29 06:18,S,83742,1.080442,90478.37396,-115.93,-0.13,0,0,0.00,-115.93,-0.13,12982.07,12.98,3
707,空头出场,2026-09-29 06:41,Trail,83882.9,1.077491,90385.76353,2.69,0.00,0,49.03,0.05,-12.39,-0.01,12984.76,12.98,4
707,空头进场,2026-09-29 06:37,S,83885.4,1.077491,90385.76353,2.69,0.00,0,49.03,0.05,-12.39,-0.01,12984.76,12.98,4
708,空头出场,2026-09-29 07:15,Trail,84002.4,1.075912,90387.47471,8.28,0.01,0,50.57,0.06,0,0.00,12993.05,12.99,2
708,空头进场,2026-09-29 07:13,S,84010.1,1.075912,90387.47471,8.28,0.01,0,50.57,0.06,0,0.00,12993.05,12.99,2
709,多头出场,2026-09-29 07:18,Trail,84036.5,1.075886,90394.54307,19.15,0.02,0,57.67,0.06,-33.03,-0.04,13012.2,13.01,2
709,多头进场,2026-09-29 07:16,L,84018.7,1.075886,90394.54307,19.15,0.02,0,57.67,0.06,-33.03,-0.04,13012.2,13.01,2
710,多头出场,2026-09-29 07:29,Trail,83997.5,1.076674,90409.71546,28.21,0.03,0,70.09,0.08,-51.9,-0.06,13040.41,13.04,7
710,多头进场,2026-09-29 07:22,L,83971.3,1.076674,90409.71546,28.21,0.03,0,70.09,0.08,-51.9,-0.06,13040.41,13.04,7
711,空头出场,2026-09-29 08:00,Trail,83993.5,1.076064,90432.31095,49.93,0.06,0,82.21,0.09,-4.52,0.00,13090.34,13.09,6
711,空头进场,2026-09-29 07:54,S,84039.9,1.076064,90432.31095,49.93,0.06,0,82.21,0.09,-4.52,0.00,13090.34,13.09,6
712,多头出场,2026-09-29 09:12,Trail,83767.7,1.078769,90472.14883,-106.15,-0.12,0,20.5,0.02,-106.15,-0.12,12984.19,12.98,22
712,多头进场,2026-09-29 08:50,L,83866.1,1.078769,90472.14883,-106.15,-0.12,0,20.5,0.02,-106.15,-0.12,12984.19,12.98,22
713,空头出场,2026-09-29 10:22,Trail,84099.2,1.072803,90386.97844,165.1,0.18,0,208.12,0.23,0,0.00,13149.29,13.15,8
713,空头进场,2026-09-29 10:14,S,84253.1,1.072803,90386.97844,165.1,0.18,0,208.12,0.23,0,0.00,13149.29,13.15,8
714,多头出场,2026-09-29 10:54,Trail,84046.3,1.077183,90515.1489,18.1,0.02,0,52.03,0.06,-47.83,-0.05,13167.39,13.17,12
714,多头进场,2026-09-29 10:42,L,84029.5,1.077183,90515.1489,18.1,0.02,0,52.03,0.06,-47.83,-0.05,13167.39,13.17,12
715,多头出场,2026-09-29 11:03,Trail,83980,1.077404,90533.82716,-53.44,-0.06,0,15.19,0.02,-53.44,-0.06,13113.95,13.11,2
715,多头进场,2026-09-29 11:01,L,84029.6,1.077404,90533.82716,-53.44,-0.06,0,15.19,0.02,-53.44,-0.06,13113.95,13.11,2
716,空头出场,2026-09-29 11:19,Trail,84071.7,1.07733,90490.97975,-81.98,-0.09,0,19.72,0.02,-81.98,-0.09,13031.96,13.03,8
716,空头进场,2026-09-29 11:11,S,83995.6,1.07733,90490.97975,-81.98,-0.09,0,19.72,0.02,-81.98,-0.09,13031.96,13.03,8
717,空头出场,2026-09-29 12:27,Trail,84195.6,1.073504,90426.28739,41.97,0.05,0,106.06,0.12,-32.1,-0.04,13073.94,13.07,6
717,空头进场,2026-09-29 12:21,S,84234.7,1.073504,90426.28739,41.97,0.05,0,106.06,0.12,-32.1,-0.04,13073.94,13.07,6
718,空头出场,2026-09-29 13:01,Trail,84304,1.072775,90459.06994,19.85,0.02,0,68.55,0.08,-56,-0.06,13093.78,13.09,2
718,空头进场,2026-09-29 12:59,S,84322.5,1.072775,90459.06994,19.85,0.02,0,68.55,0.08,-56,-0.06,13093.78,13.09,2
719,多头出场,2026-09-29 13:11,Trail,84403.3,1.073724,90474.99067,150.86,0.17,0,200.89,0.22,-13.53,-0.01,13244.64,13.24,7
719,多头进场,2026-09-29 13:04,L,84262.8,1.073724,90474.99067,150.86,0.17,0,200.89,0.22,-13.53,-0.01,13244.64,13.24,7
720,多头出场,2026-09-29 13:25,Trail,84515.1,1.073021,90595.05573,91.42,0.10,0,137.24,0.15,-28.97,-0.03,13336.06,13.34,7
720,多头进场,2026-09-29 13:18,L,84429.9,1.073021,90595.05573,91.42,0.10,0,137.24,0.15,-28.97,-0.03,13336.06,13.34,7
721,空头出场,2026-09-29 13:31,Trail,84256.8,1.073713,90668.83531,201.21,0.22,0,253.93,0.28,0,0.00,13537.28,13.54,3
721,空头进场,2026-09-29 13:28,S,84444.2,1.073713,90668.83531,201.21,0.22,0,253.93,0.28,0,0.00,13537.28,13.54,3
722,多头出场,2026-09-29 14:20,Trail,84003.1,1.081474,90829.75684,17.41,0.02,0,97.12,0.11,0,0.00,13554.69,13.55,1
722,多头进场,2026-09-29 14:19,L,83987,1.081474,90829.75684,17.41,0.02,0,97.12,0.11,0,0.00,13554.69,13.55,1
723,多头出场,2026-09-29 15:01,Trail,83669.8,1.083745,90849.90985,-173.18,-0.19,0,73.48,0.08,-173.18,-0.19,13381.51,13.38,8
723,多头进场,2026-09-29 14:53,L,83829.6,1.083745,90849.90985,-173.18,-0.19,0,73.48,0.08,-173.18,-0.19,13381.51,13.38,8
724,多头出场,2026-09-29 16:30,Trail,83235.3,1.091401,90705.13657,137.95,0.15,0,208.13,0.23,-32.09,-0.04,13519.46,13.52,13
724,多头进场,2026-09-29 16:17,L,83108.9,1.091401,90705.13657,137.95,0.15,0,208.13,0.23,-32.09,-0.04,13519.46,13.52,13
725,空头出场,2026-09-29 17:36,Trail,83162.7,1.091533,90815.65475,40.82,0.04,0,87.65,0.10,-27.51,-0.03,13560.28,13.56,2
725,空头进场,2026-09-29 17:34,S,83200.1,1.091533,90815.65475,40.82,0.04,0,87.65,0.10,-27.51,-0.03,13560.28,13.56,2
726,多头出场,2026-09-29 17:43,Trail,83152.7,1.092866,90848.31128,26.45,0.03,0,75.3,0.08,-21.53,-0.02,13586.73,13.59,5
726,多头进场,2026-09-29 17:38,L,83128.5,1.092866,90848.31128,26.45,0.03,0,75.3,0.08,-21.53,-0.02,13586.73,13.59,5
727,空头出场,2026-09-29 18:30,Trail,83458.6,1.088502,90869.34431,24.49,0.03,0,77.17,0.08,-16.11,-0.02,13611.22,13.61,4
727,空头进场,2026-09-29 18:26,S,83481.1,1.088502,90869.34431,24.49,0.03,0,77.17,0.08,-16.11,-0.02,13611.22,13.61,4
728,空头出场,2026-09-29 18:41,Trail,83665,1.087579,90888.97703,-103.32,-0.11,0,21.75,0.02,-103.32,-0.11,13507.9,13.51,4
728,空头进场,2026-09-29 18:37,S,83570,1.087579,90888.97703,-103.32,-0.11,0,21.75,0.02,-103.32,-0.11,13507.9,13.51,4
729,空头出场,2026-09-29 19:15,Trail,83614.3,1.085505,90806.29252,42.55,0.05,0,81.09,0.09,-53.52,-0.06,13550.45,13.55,9
729,空头进场,2026-09-29 19:06,S,83653.5,1.085505,90806.29252,42.55,0.05,0,81.09,0.09,-53.52,-0.06,13550.45,13.55,9
730,多头出场,2026-09-29 19:26,Trail,83579.8,1.085981,90840.24729,-74.17,-0.08,0,9.12,0.01,-74.17,-0.08,13476.28,13.48,7
730,多头进场,2026-09-29 19:19,L,83648.1,1.085981,90840.24729,-74.17,-0.08,0,9.12,0.01,-74.17,-0.08,13476.28,13.48,7
731,多头出场,2026-09-29 20:09,Trail,83570.3,1.086676,90781.89105,31.95,0.04,0,80.2,0.09,-4.35,0.00,13508.23,13.51,4
731,多头进场,2026-09-29 20:05,L,83540.9,1.086676,90781.89105,31.95,0.04,0,80.2,0.09,-4.35,0.00,13508.23,13.51,4
732,空头出场,2026-09-29 20:17,Trail,83600.7,1.087209,90806.63114,-84.8,-0.09,0,0.11,0.00,-84.8,-0.09,13423.43,13.42,5
732,空头进场,2026-09-29 20:12,S,83522.7,1.087209,90806.63114,-84.8,-0.09,0,0.11,0.00,-84.8,-0.09,13423.43,13.42,5
733,空头出场,2026-09-29 20:40,Trail,83641.5,1.085408,90738.69777,-46.46,-0.05,0,0,0.00,-46.46,-0.05,13376.97,13.38,1
733,空头进场,2026-09-29 20:39,S,83598.7,1.085408,90738.69777,-46.46,-0.05,0,0,0.00,-46.46,-0.05,13376.97,13.38,1
734,空头出场,2026-09-29 20:47,Trail,83644.6,1.084367,90703.93801,2.49,0.00,0,21.04,0.02,-5.1,-0.01,13379.47,13.38,2
734,空头进场,2026-09-29 20:45,S,83646.9,1.084367,90703.93801,2.49,0.00,0,21.04,0.02,-5.1,-0.01,13379.47,13.38,2
735,多头出场,2026-09-29 21:38,Trail,83460.2,1.087472,90703.53833,57.09,0.06,0,85.04,0.09,-13.7,-0.02,13436.56,13.44,9
735,多头进场,2026-09-29 21:29,L,83407.7,1.087472,90703.53833,57.09,0.06,0,85.04,0.09,-13.7,-0.02,13436.56,13.44,9
736,多头出场,2026-09-29 21:57,Trail,83482.5,1.087634,90746.4165,51.99,0.06,0,79.83,0.09,-13.81,-0.02,13488.55,13.49,8
736,多头进场,2026-09-29 21:49,L,83434.7,1.087634,90746.4165,51.99,0.06,0,79.83,0.09,-13.81,-0.02,13488.55,13.49,8
737,多头出场,2026-09-29 23:48,Trail,83693.9,1.084854,90790.78035,4.88,0.01,0,31.46,0.03,-2.5,0.00,13493.43,13.49,2
737,多头进场,2026-09-29 23:46,L,83689.4,1.084854,90790.78035,4.88,0.01,0,31.46,0.03,-2.5,0.00,13493.43,13.49,2
738,多头出场,2026-09-30 00:03,Trail,83704.7,1.085116,90794.69404,34.62,0.04,0,60.22,0.07,-22.57,-0.02,13528.04,13.53,6
738,多头进场,2026-09-29 23:57,L,83672.8,1.085116,90794.69404,34.62,0.04,0,60.22,0.07,-22.57,-0.02,13528.04,13.53,6
739,多头出场,2026-09-30 00:42,Trail,83515,1.087656,90822.53897,13.05,0.01,0,55.58,0.06,-5.33,-0.01,13541.1,13.54,2
739,多头进场,2026-09-30 00:40,L,83503,1.087656,90822.53897,13.05,0.01,0,55.58,0.06,-5.33,-0.01,13541.1,13.54,2
740,多头出场,2026-09-30 01:04,Trail,83433.1,1.088726,90832.84567,2.94,0.00,0,45.73,0.05,-37.56,-0.04,13544.04,13.54,6
740,多头进场,2026-09-30 00:58,L,83430.4,1.088726,90832.84567,2.94,0.00,0,45.73,0.05,-37.56,-0.04,13544.04,13.54,6
741,多头出场,2026-09-30 01:26,Trail,83511.7,1.088264,90835.21955,47.56,0.05,0,95.11,0.10,-93.26,-0.10,13591.59,13.59,16
741,多头进场,2026-09-30 01:10,L,83468,1.088264,90835.21955,47.56,0.05,0,95.11,0.10,-93.26,-0.10,13591.59,13.59,16
742,多头出场,2026-09-30 01:45,Trail,83412.2,1.089987,90873.08818,45.13,0.05,0,92.87,0.10,-36.19,-0.04,13636.72,13.64,12
742,多头进场,2026-09-30 01:33,L,83370.8,1.089987,90873.08818,45.13,0.05,0,92.87,0.10,-36.19,-0.04,13636.72,13.64,12
743,空头出场,2026-09-30 02:06,Trail,83558.9,1.089093,90914.10745,-89.31,-0.10,0,0,0.00,-89.31,-0.10,13547.41,13.55,2
743,空头进场,2026-09-30 02:04,S,83476.9,1.089093,90914.10745,-89.31,-0.10,0,0,0.00,-89.31,-0.10,13547.41,13.55,2
744,空头出场,2026-09-30 02:31,Trail,83446.8,1.088299,90838.0321,22.96,0.03,0,73.24,0.08,-26.01,-0.03,13570.38,13.57,5
744,空头进场,2026-09-30 02:26,S,83467.9,1.088299,90838.0321,22.96,0.03,0,73.24,0.08,-26.01,-0.03,13570.38,13.57,5
745,多头出场,2026-09-30 02:42,Trail,83413.3,1.090371,90856.36298,95.08,0.10,0,140,0.15,-10.79,-0.01,13665.46,13.67,3
745,多头进场,2026-09-30 02:39,L,83326.1,1.090371,90856.36298,95.08,0.10,0,140,0.15,-10.79,-0.01,13665.46,13.67,3
746,空头出场,2026-09-30 03:19,Trail,83214.7,1.090399,90932.18901,194.96,0.21,0,232.58,0.26,-15.81,-0.02,13860.42,13.86,11
746,空头进场,2026-09-30 03:08,S,83393.5,1.090399,90932.18901,194.96,0.21,0,232.58,0.26,-15.81,-0.02,13860.42,13.86,11
747,多头出场,2026-09-30 04:31,Trail,83356.5,1.092046,91088.32129,-59.19,-0.06,0,0,0.00,-59.19,-0.06,13801.23,13.80,3
747,多头进场,2026-09-30 04:28,L,83410.7,1.092046,91088.32129,-59.19,-0.06,0,0,0.00,-59.19,-0.06,13801.23,13.80,3
748,空头出场,2026-09-30 05:00,Trail,83237.6,1.091978,91040.82661,147.2,0.16,0,177.66,0.20,-0.11,0.00,13948.43,13.95,21
748,空头进场,2026-09-30 04:39,S,83372.4,1.091978,91040.82661,147.2,0.16,0,177.66,0.20,-0.11,0.00,13948.43,13.95,21
749,多头出场,2026-09-30 05:03,Trail,83291.5,1.093687,91150.28069,-55.45,-0.06,0,18.48,0.02,-55.45,-0.06,13892.98,13.89,1
749,多头进场,2026-09-30 05:02,L,83342.2,1.093687,91150.28069,-55.45,-0.06,0,18.48,0.02,-55.45,-0.06,13892.98,13.89,1